,span position,theta,chord,aoa,diameter,airfoil,absolute aoa,induced aoa,local cl,weight,local lift,dihedral position,M,EI,EA,M_zerolift,M_EI_zerolift,zerolift deflection angle,zerolift deflection,total zerolift deflection,zerolift strain,strain,wire load,axial force,total load,M_EI,deflection angle,deflection,total deflection
0.0,0.0,1.5707963267948966,1.05,4.8,0.10101,1.0,11.152999999999999,0.4802701284337229,1.15042993126122,0.034368245757652474,1.9447119070440664,0.0,37.31095512409103,48658.2086968592,22788831.978144325,-544.4613831859493,-0.011189507336325214,0.0,0.0,0.0,-0.0005651260680211049,9.445054632904047e-05,0.0,1269.8729700875767,1.607903098619072,0.00076679672604757,0.0,0.0,0.0
0.0033333333333333335,0.05333333333333334,1.5674624450870656,1.05,4.8,0.10101,1.0,11.152999999999999,0.4803908779176678,1.1504169154890431,0.034368245757652474,1.9446899047737567,0.00372034526635335,34.31084663868268,48658.2086968592,22788831.978144325,-540.2073735102713,-0.011102080984439131,-0.0005944423552203827,-1.5851796139210206e-05,0.00370449347021414,-0.0005607106001190984,9.133657063791872e-05,0.0,1269.8729700875767,1.6078810963487624,0.0007051399457065789,3.925164458011064e-05,1.046710522136284e-06,0.003721391976875486
0.006666666666666667,0.10666666666666667,1.5641285633792346,1.05,4.8,0.10101,1.0,11.152999999999999,0.4805116274016128,1.1504038997168662,0.034368245757652474,1.9446679025034463,0.0074406905327067,31.39394383021381,48658.2086968592,22788831.978144325,-535.9713269710426,-0.01101502380225597,-0.0011842318161989188,-6.328310737705825e-05,0.007377407425329641,-0.0005563137771329378,8.830895864218101e-05,0.0,1269.8729700875767,1.607859094078452,0.0006451931682441947,7.526052761879794e-05,4.100368447440513e-06,0.007444790901154141
0.01,0.16,1.5607946816714036,1.05,4.8,0.10101,1.0,11.152999999999999,0.4806323768855577,1.1503908839446892,0.03436824575765248,1.944645900233137,0.011161035799060049,28.560462053976,48658.2086968592,22788831.978144325,-531.7532435682632,-0.010928335789775733,-0.001769388071986431,-0.00014204630439533424,0.011018989494664715,-0.0005519355990626234,8.536793387079176e-05,0.0,1269.8729700875767,1.6078370918081428,0.0005869608195383389,0.00010811796729299884,8.990461645088427e-06,0.011170026260705138
0.013333333333333334,0.21333333333333335,1.5574607999635723,1.05,4.8,0.10101,1.0,11.152999999999999,0.4807531263695027,1.1503778681725123,0.03436824575765247,1.9446238979628263,0.0148813810654134,25.810610472716597,48658.2086968592,22788831.978144325,-527.5531233019332,-0.010842016946998417,-0.0023499308116337416,-0.00025189480795853884,0.01462948625745486,-0.000547576065908155,8.251371342513711e-05,0.0,1269.8729700875767,1.607815089537832,0.0005304471982007555,0.00013791551443270803,1.555135449110728e-05,0.014896932419904507
0.016666666666666666,0.26666666666666666,1.5541269182557413,1.05,4.8,0.10101,1.0,11.152999999999999,0.4808738758534476,1.1503648524003354,0.03436824575765248,1.9446018956925173,0.01860172633176675,23.14459204111206,48658.2086968592,22788831.978144325,-523.3709661720525,-0.010756067273924023,-0.002925879724191673,-0.00039258308891388315,0.018209143242852867,-0.0005432351776695328,7.974650796290894e-05,0.0,1269.8729700875767,1.607793087267523,0.00047565647525791476,0.00016474494572493923,2.3622300095311202e-05,0.01862534863186206
0.02,0.32,1.5507930365479103,1.05,4.8,0.10101,1.0,11.152999999999999,0.4809946253373925,1.1503518366281582,0.03436824575765248,1.9445798934222072,0.022322071598120097,20.56260349070214,48658.2086968592,22788831.978144325,-519.2067721786211,-0.01067048677055255,-0.003497254498711048,-0.0005638666681912891,0.021758204929928807,-0.0005389129343467565,7.706652168246721e-05,0.0,1269.8729700875767,1.6077710849972129,0.0004225926938413872,0.00018869825690092062,3.304745216533413e-05,0.022355119050285432
0.023333333333333334,0.37333333333333335,1.5474591548400793,1.05,4.8,0.10101,1.0,11.152999999999999,0.4811153748213375,1.1503388208559813,0.03436824575765248,1.9445578911518975,0.026042416864473446,18.06483531528602,48658.2086968592,22788831.978144325,-515.0605413216391,-0.010585275436884001,-0.00406407482424269,-0.0007655021168033888,0.02527691474767006,-0.0005346093359398265,7.447395230768187e-05,0.0,1269.8729700875767,1.6077490827269032,0.0003712597688877124,0.00020986765590702994,4.367587650687948e-05,0.026086092740980327
0.02666666666666667,0.4266666666666667,1.5441252731322483,1.05,4.8,0.10101,1.0,11.152999999999999,0.4812361243052824,1.1503258050838043,0.03436824575765248,1.9445358888815873,0.0297627621308268,15.651471756781499,48658.2086968592,22788831.978144325,-510.93227360110643,-0.010500433272918372,-0.00462636038983742,-0.0009972470558455252,0.028765515074981273,-0.0005303243824487424,7.196899107325528e-05,0.0,1269.8729700875767,1.607727080456593,0.00032166148684778387,0.00022834555605997652,5.536156215933299e-05,0.029818123692986132
0.030000000000000002,0.48000000000000004,1.5407913914244173,1.05,4.8,0.10101,1.0,11.152999999999999,0.48135687378922737,1.1503127893116274,0.03436824575765245,1.9445010194540864,0.03348310739718015,13.322690791548283,48658.2086968592,22788831.978144325,-506.8219690170231,-0.010415960278655666,-0.005184130884546061,-0.0012588601564957514,0.032224247240684394,-0.0005260580738735045,6.955182271052647e-05,0.0,1269.8729700875767,1.6076922110290923,0.00027380150540577214,0.000244224569186738,6.796343216591204e-05,0.03355107082934606
0.03333333333333333,0.5333333333333333,1.537455610181162,1.05,4.8,0.10101,1.0,11.152999999999999,0.48161885438873947,1.1502845500207697,0.03436824575765248,1.9444438411228644,0.0372034526635335,11.07866377405854,48658.2086968592,22788831.978144325,-502.7296275693891,-0.010331856454095883,-0.005737405997419435,-0.001550101140014831,0.035653351523518666,-0.0005218104102141126,6.722262507761741e-05,0.0,1269.8729700875767,1.6076350326978701,0.00022768334615601353,0.00025759749856171896,8.134535397253755e-05,0.03728479801750603
0.03666666666666667,0.5866666666666667,1.5341184350844126,1.05,4.8,0.10101,1.0,11.152999999999999,0.4819844684774971,1.1502451399170701,0.03436824575765248,1.9443772210451036,0.040923797929886846,8.919554829283781,48658.2086968592,22788831.978144325,-498.65524925820444,-0.010248121799239021,-0.006286205417508366,-0.001870730777746239,0.03905306715214061,-0.0005175813914705668,6.498156852875831e-05,0.0,1269.8729700875767,1.6075684126201093,0.00018331038211563927,0.0002685573313156297,9.537614943593352e-05,0.041019174079322776
0.04,0.64,1.5307812599876631,1.05,4.8,0.10101,1.0,11.152999999999999,0.4823500825662548,1.1502057298133703,0.03436824575765248,1.944310600967343,0.044644143196240195,6.845520931854062,48658.2086968592,22788831.978144325,-494.59883408346906,-0.01016475631408508,-0.006830548833863676,-0.0022205108911161602,0.04242363230512403,-0.000513371017642867,6.282881599645128e-05,0.0,1269.8729700875767,1.6075017925423487,0.00014068583935141716,0.0002771972305547512,0.00010992960441914368,0.044754072800659336
0.043333333333333335,0.6933333333333334,1.5274440848909137,1.05,4.8,0.10101,1.0,11.152999999999999,0.4827156966550124,1.1501663197096705,0.03436824575765248,1.9442439808895833,0.048364488462593544,4.856712489298441,48658.2086968592,22788831.978144325,-490.560382045183,-0.01008175999863406,-0.007370455935536186,-0.00259920435163349,0.04576528411096006,-0.0005091792887310132,6.076452359684727e-05,0.0,1269.8729700875767,1.607435172464589,9.981280896622758e-05,0.0002836105278432217,0.00012488447797642295,0.048489372940569965
0.04666666666666667,0.7466666666666667,1.5241069097941642,1.05,4.8,0.10101,1.0,11.152999999999999,0.4830813107437701,1.150126909605971,0.03436824575765248,1.9441773608118225,0.05208483372894689,2.9532735826550933,42621.698000815915,20095824.098994326,-486.5398931433463,-0.011415309946920284,-0.007943711134084302,-0.003007582140156703,0.04907725158879019,-0.000576530228869209,6.669039857021699e-05,0.0,1269.8729700875767,1.6073685523868282,6.929037840300398e-05,0.0002881199461730679,0.00014013062395019067,0.052224964352897085
0.05,0.8,1.5207697346974145,1.05,4.8,0.10101,1.0,11.152999999999999,0.4834469248325277,1.1500874995022712,0.032999609317217085,1.9441107407340619,0.05580517899530024,1.1353312093529269,42621.698000815915,20095824.098994326,-482.53736737795896,-0.011321401774484012,-0.008550023446655083,-0.0034474150623097534,0.05235776393299049,-0.0005717873966203151,6.453620988533943e-05,0.0,1269.8729700875767,1.6207145694253344,2.6637399789449802e-05,0.0002906780202582,0.00015556523638835781,0.0559607442316886
0.05333333333333334,0.8533333333333334,1.517432559600665,1.05,4.8,0.10101,1.0,11.152999999999999,0.4838125389212854,1.1500480893985714,0.032999609317217085,1.9440441206563013,0.0595255242616536,-0.5966269856060104,42621.698000815915,20095824.098994326,-478.5524470786978,-0.011227906665509591,-0.009151338338388246,-0.0039194513765775756,0.05560607288507602,-0.0005670654261415619,6.248390899777915e-05,0.0,1269.8729700875767,1.6206479493475738,-1.3998198419842142e-05,0.0002910150656280562,0.00017107705201199131,0.05969660131366559
0.05666666666666667,0.9066666666666667,1.5140953845039156,1.05,4.8,0.10101,1.0,11.152999999999999,0.484178153010043,1.1500086792948716,0.032999609317217085,1.9439775005785407,0.06324586952800694,-2.2421001164234826,42621.698000815915,20095824.098994326,-474.5847745752398,-0.01113481622825432,-0.009747677615555284,-0.0044234251353494035,0.05882244439265753,-0.0005623638936079845,6.053408943708625e-05,0.0,1269.8729700875767,1.6205813292698132,-5.260466432802751e-05,0.000289238989288113,0.0001865504934764225,0.06343242002148336
0.060000000000000005,0.9600000000000001,1.510758209407166,1.05,4.8,0.10101,1.0,11.152999999999999,0.4845437670988007,1.149969269191172,0.032999609317217085,1.9439069547800831,0.0669662147943603,-3.8009522892858354,42621.698000815915,20095824.098994326,-470.63434986758494,-0.011042130462718203,-0.010339062860647884,-0.004959071548048154,0.06200714324631214,-0.0005576827990195828,5.8686912231971006e-05,0.0,1269.8729700875767,1.6205107834713557,-8.917880956345458e-05,0.0002854580966510068,0.0002018757491014657,0.06716809054346176
0.06333333333333334,1.0133333333333334,1.507419959039067,1.05,4.8,0.10101,1.0,11.152999999999999,0.48495247026351884,1.1499252144498497,0.03299960931721702,1.9438123017544986,0.07068656006071365,-5.273055055818741,42621.698000815915,20095824.098994326,-466.7011729557332,-0.010949849368901235,-0.010925515656157736,-0.005526126975162971,0.06516043308555068,-0.0005530221423763569,5.694252958859717e-05,0.0,1269.8729700875767,1.6204161304457718,-0.0001237176204410673,0.0002797808585175529,0.00021694878790596062,0.07090350884861961
0.06666666666666667,1.0666666666666667,1.5040761808717884,1.05,4.8,0.10101,1.0,11.152999999999999,0.485582687522163,1.149857282364407,0.03299960931721716,1.943697467222502,0.074406905327067,-6.658288066818415,42621.698000815915,20095824.098994326,-462.78524383968465,-0.01085797294680342,-0.011507057584576525,-0.006124328928249217,0.06828257639881778,-0.0005483819236783068,5.530108411593676e-05,0.0,1269.8729700875767,1.620301295913774,-0.00015621827330039627,0.00027231590135111383,0.00023167136816912504,0.07463857669523612
0.07,1.12,1.50073240270451,1.05,4.8,0.10101,1.0,11.152999999999999,0.4862129047808071,1.1497893502789645,0.03299960931721702,1.9435826326904888,0.07812725059342035,-7.956539515929145,42621.698000815915,20095824.098994326,-458.88656251943917,-0.010766501196424756,-0.012083710228395945,-0.006753416069928485,0.07137383452349186,-0.0005437621429254323,5.376270830002999e-05,0.0,1269.8729700875767,1.620186461381762,-0.0001866781449152221,0.000263171996865364,0.0002459510454548978,0.07837320163887525
0.07333333333333333,1.1733333333333333,1.4973886245372314,1.05,4.8,0.10101,1.0,11.152999999999999,0.4868431220394512,1.1497214181935218,0.03299960931721716,1.9434677981584922,0.08184759585977369,-9.167705506272604,42621.698000815915,20095824.098994326,-455.0051289949968,-0.010675434117765241,-0.012655495170107677,-0.00741312821388858,0.07443446764588511,-0.0005391628001177335,5.232752525450408e-05,0.0,1269.8729700875767,1.620071626849764,-0.00021509479763328775,0.0002524580517307371,0.0002597011800841272,0.08210729703985782
0.07666666666666667,1.2266666666666668,1.494044846369953,1.05,4.8,0.10101,1.0,11.152999999999999,0.4874733392980953,1.1496534861080792,0.03299960931721702,1.9433529636264795,0.08556794112612705,-10.291689521090596,42621.698000815915,20095824.098994326,-451.1409432663576,-0.01058477171082488,-0.013222433992203415,-0.008103206324883544,0.07746473480124351,-0.0005345838952552106,5.0995649347840386e-05,0.0,1269.8729700875767,1.6199567923177527,-0.00024146596695639812,0.00024028309800834546,0.0002728409440771694,0.08584078207020422
0.08,1.28,1.4907010682026745,1.05,4.8,0.10101,1.0,11.152999999999999,0.4881035565567394,1.1495855540226365,0.03299960931721716,1.943238129094483,0.08928828639248039,-11.32840243192441,42621.698000815915,20095824.098994326,-447.29400533352157,-0.01049451397560367,-0.013784548277174843,-0.008823392518733628,0.08046489387374677,-0.0005300254283378634,4.976718619368216e-05,0.0,1269.8729700875767,1.6198419577857548,-0.0002657895617323258,0.0002267562839099795,0.00028529532759499136,0.08957358172007539
0.08333333333333334,1.3333333333333335,1.487357290035396,1.05,4.8,0.10101,1.0,11.152999999999999,0.4887337738153835,1.1495176219371939,0.03299960931721702,1.9431232945624697,0.09300863165883375,-12.277762506168102,42621.698000815915,20095824.098994326,-443.46431519648866,-0.010404660912101609,-0.01434185960751365,-0.009573430062325323,0.08343520159650843,-0.0005254873993656918,4.8642232641884204e-05,0.0,1269.8729700875767,1.619727123253743,-0.00028806366433202794,0.00021198686454826338,0.0002969951448872112,0.09330562680372095
0.08666666666666667,1.3866666666666667,1.4840135118681175,1.05,4.8,0.10101,1.0,11.152999999999999,0.4893639910740276,1.1494496898517512,0.03299960931721716,1.9430084600304731,0.09672897692518709,-13.139695413994955,42621.698000815915,20095824.098994326,-439.6518728552589,-0.010315212520318702,-0.014894389565711525,-0.010353063373611327,0.08637591355157576,-0.000520969808338696,4.762087677030532e-05,0.0,1269.8729700875767,1.6196122887217448,-0.0003082865308121563,0.00019608419267775183,0.0003078770397465716,0.09703685396493365
0.09000000000000001,1.4400000000000002,1.480669733700839,1.05,4.8,0.10101,1.0,11.152999999999999,0.4899942083326717,1.1493817577663086,0.03299960931721702,1.9428936254984603,0.10044932219154044,-13.91413423465664,42621.698000815915,20095824.098994326,-435.8566783098322,-0.010226168800254943,-0.015442159734260157,-0.011162038021610574,0.08928728416992987,-0.0005164726552568759,4.670319787734406e-05,0.0,1269.8729700875767,1.6194974541897336,-0.0003264565910628497,0.00017915770942775164,0.0003178834904693851,0.10076720568200982
0.09333333333333334,1.4933333333333334,1.4773259555335607,1.05,4.8,0.10101,1.0,11.152999999999999,0.49062442559131586,1.149313825680866,0.03299960931721716,1.942758271990625,0.10416966745789379,-14.601019462154445,42621.698000815915,20095824.098994326,-432.07873156020867,-0.010137529751910337,-0.01598519169565123,-0.01200010072640821,0.09216956673148557,-0.0005119959401202316,4.5889266475218485e-05,0.0,1269.8729700875767,1.6193621006818968,-0.00034257244894079385,0.00016131693502765453,0.00032696281432152924,0.10449663027221531
0.09666666666666668,1.5466666666666669,1.4739745441087078,1.05,4.8,0.10101,1.0,11.152999999999999,0.49147986103959784,1.1492216169811416,0.03299960931721702,1.9425961838699897,0.10789001272424714,-15.200299557443268,42621.698000815915,20095824.098994326,-428.3180326063883,-0.010049295375284881,-0.016523507032376438,-0.012866999359155615,0.09502301336509153,-0.0005075396629287629,4.517914363562672e-05,0.0,1269.8729700875767,1.619200012561263,-0.00035663289522515704,0.00014267145918322912,0.00033506917150048614,0.10822508189574763
0.1,1.6,1.4706208204067626,1.05,4.8,0.10101,1.0,11.152999999999999,0.4924035198978298,1.149122054375363,0.03299960931721716,1.9424278801124248,0.11161035799060048,-15.711931665707207,42621.698000815915,20095824.098994326,-424.574581448371,-0.009961465670378578,-0.017057127326927463,-0.013762482942070385,0.0978478750485301,-0.0005031038236824701,4.457288013980411e-05,0.0,1269.8729700875767,1.6190317088036967,-0.00036863692444647395,0.00012333093065865233,0.0003421625685629363,0.11195252055916342
0.10333333333333335,1.6533333333333335,1.4672670967048171,1.05,4.8,0.10101,1.0,11.152999999999999,0.49332717875606186,1.1490224917695844,0.03299960931721702,1.9422595763548436,0.11533070325695385,-16.135881238577063,36729.34128729561,17487819.02770634,-420.84837808615686,-0.01145809762266891,-0.01762831568140873,-0.014687428088959353,0.1006432751679945,-0.0005786912204328933,5.042692983917501e-05,0.0,1269.8729700875767,1.6188634050461168,-0.00043931855767199225,0.00010178545113549318,0.00034816567207744686,0.1156788689290313
0.10666666666666667,1.7066666666666668,1.4639133730028717,1.05,4.8,0.10101,1.0,11.152999999999999,0.4942508376142939,1.1489229291638057,0.031674172876781634,1.9420912725972708,0.1190510485233072,-16.472010494386872,36729.34128729561,17487819.02770634,-417.13942251974584,-0.011357116896186513,-0.01823672140191154,-0.015643829077847893,0.1034072194454593,-0.0005735911888418998,4.9964732384233275e-05,0.0,1269.8729700875767,1.6316843784048107,-0.00044847007643135736,7.81110875594039e-05,0.0003529629131093108,0.1194040114364165
0.11,1.76,1.4605596493009263,1.05,4.8,0.10101,1.0,11.152999999999999,0.49517449647252587,1.1488233665580272,0.031674172876781766,1.9419229688397057,0.12277139378966054,-16.719840735683906,36729.34128729561,17487819.02770634,-413.44736836841486,-0.011256596330831096,-0.018839753754632007,-0.016632535082022386,0.10613885870763815,-0.0005685143976886245,4.962395125671994e-05,0.0,1269.8729700875767,1.6315160746472444,-0.0004552175495035945,5.4012750867805226e-05,0.0003564862154673697,0.12312788000512791
0.11333333333333334,1.8133333333333335,1.4572059255989809,1.05,4.8,0.10101,1.0,11.152999999999999,0.4960981553307579,1.1487238039522485,0.031674172876781634,1.9417546650821247,0.12649173905601388,-16.879010194406288,36729.34128729561,17487819.02770634,-409.7718692514408,-0.011156526495975512,-0.019437437030013518,-0.017653260169612935,0.10883847888640094,-0.0005634603706792433,4.940508390895309e-05,0.0,1269.8729700875767,1.6313477708896647,-0.00045955112732295594,2.9618919485763828e-05,0.00035871639334346487,0.12685045544935736
0.11666666666666667,1.8666666666666667,1.4538522018970357,1.05,4.8,0.10101,1.0,11.152999999999999,0.49702181418898994,1.1486242413464698,0.031674172876781766,1.9415863613245596,0.13021208432236722,-16.9495121936753,36729.34128729561,17487819.02770634,-406.1129251688237,-0.011056907391619762,-0.020029795267016058,-0.01870571969753372,0.1115063646248335,-0.0005584291078137561,4.930813952203284e-05,0.0,1269.8729700875767,1.6311794671320983,-0.00046147062810347766,5.058339341058977e-06,0.0003596411202455135,0.13057172544261272
0.12000000000000001,1.9200000000000002,1.4504984781950903,1.05,4.8,0.10101,1.0,11.152999999999999,0.497945473047222,1.1485246787406913,0.031674172876781634,1.9414180575669786,0.1339324295887206,-16.931348776244768,36729.34128729561,17487819.02770634,-402.4705361205635,-0.010957739017763842,-0.02061685250459962,-0.019789630304776807,0.11414279928394379,-0.0005534206090921629,4.933311528705278e-05,0.0,1269.8729700875767,1.6310111633745186,-0.00046097610746156204,-1.9540240274008805e-05,0.0003592549362206348,0.13429168452494122
0.12333333333333334,1.9733333333333334,1.4471447544931448,1.05,4.8,0.10101,1.0,11.152999999999999,0.49886913190545396,1.1484251161349126,0.031674172876781766,1.9412369346219442,0.13765277485507393,-16.82453070430016,36729.34128729561,17487819.02770634,-398.8447021066603,-0.010859021374407755,-0.021198632781724194,-0.020904709912412105,0.11674806494266182,-0.0005484348745144637,4.947999640537626e-05,0.0,1269.8729700875767,1.6308300404294829,-0.0004580678584105082,-4.404807936393063e-05,0.00035755924769695645,0.1380103341027709
0.12666666666666668,2.026666666666667,1.4437856953240304,1.05,4.8,0.10101,1.0,11.152999999999999,0.4999334953591431,1.1483103867648639,0.031674172876781634,1.9410237661060863,0.1413731201214273,-16.629077800236818,36729.34128729561,17487819.02770634,-395.23542312711396,-0.010760754461551501,-0.021775160137349776,-0.022050677723587413,0.11932244239783989,-0.0005434719040806586,4.9748755620046234e-05,0.0,1269.8729700875767,1.6306168719136263,-0.0004527464206386049,-6.83364601385737e-05,0.00035456232664355633,0.14172768244807085
0.13,2.08,1.4404186339521772,1.05,4.8,0.10101,1.0,11.152999999999999,0.5012088893868105,1.148172910085398,0.031674172876781634,1.9407913712068985,0.14509346538778065,-16.345019799238155,36729.34128729561,17487819.02770634,-391.64269918192457,-0.010662938279195077,-0.02234645861043635,-0.023227254223528376,0.12186621116425227,-0.0005385316977907474,5.013935204344029e-05,0.0,1269.8729700875767,1.6303844770144384,-0.00044501260372158564,-9.227670078817874e-05,0.00035027930901884296,0.1454437446967995
0.13333333333333333,2.1333333333333333,1.437051572580324,1.05,4.8,0.10101,1.0,11.152999999999999,0.502484283414478,1.148035433405932,0.031674172876781904,1.9405589763077273,0.148813810654134,-15.972396517205846,36729.34128729561,17487819.02770634,-388.0665302710921,-0.010565572827338488,-0.02291255223994391,-0.024434161179538512,0.12437964947459548,-0.0005336142556447304,5.065173092635675e-05,0.0,1269.8729700875767,1.6301520821152646,-0.00043486749169472776,-0.00011574016999928039,0.00034473219246451074,0.1491585428465985
0.1366666666666667,2.186666666666667,1.4336845112084706,1.05,4.8,0.10101,1.0,11.152999999999999,0.5037596774421456,1.147897956726466,0.031674172876781634,1.9403265814085235,0.15253415592048736,-15.511256992316707,36729.34128729561,17487819.02770634,-384.50691639461655,-0.010468658105981727,-0.023473465064832454,-0.025671121640999224,0.12686303427948814,-0.0005287195776426071,5.128582483842431e-05,0.0,1269.8729700875767,1.6299196872160635,-0.000422312419680718,-0.00013859830096929243,0.0003379498332386821,0.15287210575372603
0.14,2.24,1.4303174498366173,1.05,4.8,0.10101,1.0,11.152999999999999,0.505035071469813,1.1477604800469998,0.031674172876781634,1.9400941865093355,0.1562545011868407,-14.961658967509342,36729.34128729561,17487819.02770634,-380.963857552498,-0.010372194115124803,-0.024029221124061962,-0.02693785993936974,0.12931664124747097,-0.0005238476637843782,5.204155437971334e-05,0.0,1269.8729700875767,1.6296872923168755,-0.00040734895979973543,-0.00016072260442210449,0.00032996794242824484,0.15658446912926893
0.14333333333333334,2.2933333333333334,1.426950388464764,1.05,4.8,0.10101,1.0,11.152999999999999,0.5063104654974805,1.1476230033675339,0.031674172876781634,1.9398617916101477,0.15997484645319404,-14.323668884805617,36729.34128729561,17487819.02770634,-377.43735374473636,-0.01027618085476771,-0.024579844456592427,-0.02823410168818719,0.13174074476500686,-0.0005189985140700433,5.291882818854412e-05,0.0,1269.8729700875767,1.6294548974176877,-0.0003899789210148471,-0.00018198468124382665,0.0003208290814771534,0.1602956755346712
0.14666666666666667,2.3466666666666667,1.4235833270929108,1.05,4.8,0.10101,1.0,11.152999999999999,0.5075858595251479,1.147485526688068,0.031674172876781904,1.9396293967109761,0.16369519171954738,-13.597361878776711,36729.34128729561,17487819.02770634,-373.9274049713316,-0.010180618324910448,-0.025125359101383842,-0.029559573783066555,0.13413561793648082,-0.0005141721284996021,5.391754295047148e-05,0.0,1269.8729700875767,1.6292225025185134,-0.00037020434895411344,-0.00020225623510966556,0.0003105826570410603,0.16400577437658845
0.15000000000000002,2.4000000000000004,1.4202162657210575,1.05,4.8,0.10101,1.0,11.152999999999999,0.5088612535528154,1.147348050008602,0.031674172876781634,1.9393970018117723,0.16741553698590075,-12.78282176915431,36729.34128729561,17487819.02770634,-370.4340112322838,-0.010085506525553019,-0.025665789097396204,-0.0309140044017007,0.13650153258420006,-0.0005093685070730553,5.503758340844475e-05,0.0,1269.8729700875767,1.6289901076193123,-0.00034802752570941935,-0.00022140908510069322,0.000299284915168784,0.16771482190106954
0.15333333333333335,2.4533333333333336,1.4168492043492042,1.05,4.8,0.10101,1.0,11.152999999999999,0.5101366475804828,1.1472105733291358,0.031674172876781634,1.9391618685701135,0.1711358822522541,-11.880141052587728,36729.34128729561,17487819.02770634,-366.95717252759295,-0.009990845456695423,-0.026201158483589494,-0.03229712300386031,0.13883875924839378,-0.0005045876497904024,5.627882237414231e-05,0.0,1269.8729700875767,1.6287549743776535,-0.0003234509696120517,-0.00023931517830926574,0.0002869989348111851,0.17142288118706528
0.15666666666666668,2.506666666666667,1.41348097289193,1.05,4.8,0.10101,1.0,11.152999999999999,0.5114420979101254,1.1470698568347555,0.031674172876781634,1.938887425490801,0.17485622751860744,-10.889420966568345,36729.34128729561,17487819.02770634,-363.496888857259,-0.009896635118337658,-0.02673149129892371,-0.033708660331394,0.14114756718721344,-0.0004998295566516434,5.764112064007163e-05,0.0,1269.8729700875767,1.628480531298341,-0.0002964774369731185,-0.00025584660248487026,0.0002737946206566749,0.17513002213926412
0.16,2.56,1.4100971145458416,1.05,4.8,0.10101,1.0,11.152999999999999,0.5131489603766157,1.146885871510136,0.031674172876781634,1.938576410916307,0.17857657278496078,-9.810772527710414,36729.34128729561,17487819.02770634,-360.05316022128204,-0.009802875510479727,-0.027256811582358837,-0.0351483484082282,0.14342822437673258,-0.0004950942276567786,5.912432555187229e-05,0.0,1269.8729700875767,1.628169516723847,-0.0002671099503519788,-0.00027087559948020616,0.00025974869527093953,0.1788363214802317
0.16333333333333333,2.6133333333333333,1.4067132561997533,1.05,4.8,0.10101,1.0,11.152999999999999,0.5148558228431059,1.1467018861855165,0.031674172876781904,1.9382653963418293,0.18229691805131412,-8.644317423028815,30985.162196888286,14964816.764280368,-356.625986619662,-0.011509573012836335,-0.027825143542980598,-0.036617200544903916,0.1456797175064102,-0.0005812909850132992,7.076722461064071e-05,0.0,1269.8729700875767,1.6278585021493666,-0.0002789824809726808,-0.0002854380643155304,0.0002449136642363866,0.1825418317155505
0.16666666666666669,2.666666666666667,1.403329397853665,1.05,4.8,0.10101,1.0,11.152999999999999,0.5165626853095961,1.1465179008608968,0.030391936436346245,1.9379543817673188,0.1860172633176675,-7.39011386920614,30985.162196888286,14964816.764280368,-353.21536805239884,-0.011399500374016788,-0.02843605216663002,-0.03811749909716021,0.14789976422050727,-0.0005757317663897179,7.281154343922428e-05,0.0,1269.8729700875767,1.6401134046911257,-0.0002385049276891731,-0.00029923772854651326,0.00022932230976006532,0.18624658562742755
0.17,2.72,1.3999455395075766,1.05,4.8,0.10101,1.0,11.152999999999999,0.5182695477760865,1.1463339155362773,0.030391936436346245,1.9376433671928248,0.18973760858402083,-6.047905463028377,30985.162196888286,14964816.764280368,-349.82096942836955,-0.011289951209727754,-0.029041104208863206,-0.03965022326717336,0.15008738531684748,-0.0005701989858473002,7.499930786412103e-05,0.0,1269.8729700875767,1.6398023901166316,-0.00019518714875843842,-0.0003108028505851162,0.0002130545609832219,0.18995066314500406
0.17333333333333334,2.7733333333333334,1.396561681161488,1.05,4.8,0.10101,1.0,11.152999999999999,0.5199764102425767,1.1461499302116578,0.030391936436346245,1.9373323526183308,0.19345795385037418,-4.617530172956426,30985.162196888286,14964816.764280368,-346.442455656451,-0.01118091470540189,-0.02964032729993333,-0.04121506144074126,0.1522428924096329,-0.0005646920971963225,7.733078199248104e-05,0.0,1269.8729700875767,1.6394913755421376,-0.00014902391485367619,-0.00031998181228143927,0.00019623363664011379,0.1936541874870143
0.17666666666666667,2.8266666666666667,1.3931778228153997,1.05,4.8,0.10101,1.0,11.152999999999999,0.5216832727090669,1.1459659448870383,0.030391936436346502,1.9370213380438532,0.19717829911672752,-3.0991713265291465,30985.162196888286,14964816.764280368,-343.07982673664316,-0.0110723908610392,-0.03023374878170509,-0.04281170346958495,0.15436659564714256,-0.0005592111004367848,7.980566700523437e-05,0.0,1269.8729700875767,1.6391803609676576,-0.00010002114259838806,-0.0003266230138134943,0.00017899084127758226,0.1973572899580051
0.18000000000000002,2.8800000000000003,1.3897939644693114,1.05,4.8,0.10101,1.0,11.152999999999999,0.5233901351755572,1.1457819595624188,0.030391936436346245,1.9367103234693432,0.2008986443830809,-1.4930225076350025,30985.162196888286,14964816.764280368,-339.733082668946,-0.01096437967663968,-0.030821395996043197,-0.04443984066365825,0.15645880371942264,-0.000553755995568687,8.242364736573076e-05,0.0,1269.8729700875767,1.63886934639315,-4.818507962449655e-05,-0.0003305751797394379,0.00016146555611617062,0.20106010993919707
0.18333333333333335,2.9333333333333336,1.386410106123223,1.05,4.8,0.10101,1.0,11.152999999999999,0.5250969976420474,1.1455979742377993,0.030391936436346245,1.9363993088948492,0.20461898964943423,0.20071246605418558,30985.162196888286,14964816.764280368,-336.4022234533596,-0.010856881152203332,-0.031403296284812345,-0.04609916579114773,0.1585198238582865,-0.0005483267825920293,8.518439085652208e-05,0.0,1269.8729700875767,1.638558331818656,6.477696155947259e-06,-0.00033168737663193256,0.00014380522127960079,0.20476279487071383
0.18666666666666668,2.986666666666667,1.3830262477771347,1.05,4.8,0.10101,1.0,11.152999999999999,0.5268038601085376,1.1454139889131798,0.030391936436346245,1.9360454551799744,0.20833933491578757,1.9818195668425957,30985.162196888286,14964816.764280368,-333.087249089884,-0.010749895287730156,-0.031979476989877235,-0.04778937307847278,0.1605499618373148,-0.0005429234615068116,8.808754861808939e-05,0.0,1269.8729700875767,1.6382044781037812,6.396027731756143e-05,-0.000329809030672639,0.00012616531708481226,0.20846550023287239
0.19,3.04,1.3796264088144863,1.05,4.8,0.10101,1.0,11.152999999999999,0.5289809289692544,1.1451793193197464,0.030391936436346502,1.9356370713815005,0.2120596801821409,3.850073439616033,30985.162196888286,14964816.764280368,-329.78815957851907,-0.010643422083220153,-0.032549965453102576,-0.04951015821028557,0.16254952197185535,-0.0005375460323130338,9.11327533275196e-05,0.0,1269.8729700875767,1.6377960943053047,0.0001242553908593927,-0.00032478994618792025,0.00010870934436853071,0.21216838952650943
0.19333333333333336,3.0933333333333337,1.3762222086886724,1.05,4.8,0.10101,1.0,11.152999999999999,0.5312863187116357,1.1449308178215565,0.030391936436346245,1.9352169966397603,0.21578002544849428,5.805235974018693,30985.162196888286,14964816.764280368,-326.50495491926483,-0.010537461538673321,-0.03311478901635307,-0.051261218329471066,0.16451880711902322,-0.0005321944950106961,9.431961687119092e-05,0.0,1269.8729700875767,1.6373760195635672,0.0001873553521240463,-0.00031648032637502846,9.160880376685197e-05,0.21587163425226114
0.19666666666666668,3.146666666666667,1.3728180085628587,1.05,4.8,0.10101,1.0,11.152999999999999,0.5335917084540169,1.1446823163233668,0.030391936436346245,1.9347969218980359,0.21950037071484763,7.847057162804293,30985.162196888286,14964816.764280368,-323.2376351121214,-0.01043201365408966,-0.03367397502149341,-0.05304225203714697,0.16645811867770066,-0.0005268688495997983,9.764773174386287e-05,0.0,1269.8729700875767,1.6369559448218427,0.00025325209249969137,-0.0003047307945183955,7.504317387636069e-05,0.21957541388872398
0.2,3.2,1.3694138084370449,1.05,4.8,0.10101,1.0,11.152999999999999,0.5358970981963981,1.1444338148251771,0.030391936436346245,1.9343768471563119,0.22322071598120097,9.975276585073,30985.162196888286,14964816.764280368,-319.98620015708866,-0.010327078429469172,-0.034227550810388314,-0.05485295939266381,0.16836775658853714,-0.0005215690960803406,0.00010111667346631334,0.0,1269.8729700875767,1.6365358700801187,0.00032193720728932563,-0.0002893924131906884,5.919988833745182e-05,0.2232799158695384
0.20333333333333334,3.2533333333333334,1.3660096083112312,1.05,4.8,0.10101,1.0,11.152999999999999,0.5382024879387793,1.1441853133269875,0.030391936436346502,1.9339567724146038,0.2269410612475543,12.189623748378352,30985.162196888286,14964816.764280368,-316.75065005416667,-0.010222655864811856,-0.03477554372490248,-0.05669304191360489,0.17024801933394942,-0.0005162952344523228,0.00010472600114296395,0.0,1269.8729700875767,1.6361157953384082,0.00039340196675176695,-0.00027031670188292596,4.4274311935488795e-05,0.2269853355594898
0.2066666666666667,3.306666666666667,1.3626054081854173,1.05,4.8,0.10101,1.0,11.152999999999999,0.5405078776811606,1.1439368118287978,0.030391936436346245,1.9335366976728638,0.2306614065139077,14.489818120258914,30985.162196888286,14964816.764280368,-313.53098480335535,-0.010118745960117711,-0.035317981106900605,-0.05856220257578632,0.1720992039381214,-0.000511047264715745,0.00010847525751327575,0.0,1269.8729700875767,1.6356957205966707,0.00046763731711929097,-0.00024735565431303094,3.046971577026319e-05,0.23069187622967796
0.21000000000000002,3.3600000000000003,1.3592012080596036,1.05,4.8,0.10101,1.0,11.152999999999999,0.5428132674235419,1.1436883103306081,0.030391936436346245,1.9331166229311394,0.23438175178026105,16.87556916094022,30985.162196888286,14964816.764280368,-310.3272044046548,-0.010015348715386738,-0.035854890298247385,-0.060460145813256934,0.17392160596700412,-0.0005058251868706072,0.00011236396900505261,0.0,1269.8729700875767,1.6352756458549462,0.0005446338816530372,-0.00022036175567910225,1.7997251503806324e-05,0.23439974903176486
0.21333333333333335,3.4133333333333336,1.35579700793379,1.05,4.8,0.10101,1.0,11.152999999999999,0.5451186571659231,1.1434398088324185,0.030391936436346245,1.932696548189415,0.2381020970466144,19.346576357203457,30985.162196888286,14964816.764280368,-307.139308858065,-0.009912464130618937,-0.036386298640807536,-0.062386577518298396,0.175715519528316,-0.0005006290009169094,0.00011639164578964622,0.0,1269.8729700875767,1.6348555711132218,0.000624381961736071,-0.00018918799985539277,7.075924689553144e-06,0.23810917297130393
0.21666666666666667,3.466666666666667,1.352392807807976,1.05,4.8,0.10101,1.0,11.152999999999999,0.5474240469083043,1.1431913073342288,0.030391936436346245,1.9322330089734456,0.24182244231296773,21.902529257416585,30985.162196888286,14964816.764280368,-303.96729816358595,-0.00981009220581431,-0.036912233476445754,-0.06434120504142515,0.17748123727154258,-0.0004954587068546517,0.00012055778183905596,0.0,1269.8729700875767,1.6343920318972525,0.00070687153800396,-0.00015368790652899202,-2.067432814030432e-06,0.2418203748801537
0.22,3.52,1.3489752437567748,1.05,4.8,0.10101,1.0,11.152999999999999,0.550206506767645,1.1428913817160187,0.030391936436346502,1.9316914404538725,0.24554278757932108,24.54310634870519,30985.162196888286,14964816.764280368,-300.8111723212176,-0.009708232940972852,-0.03743272214702675,-0.06632373719138442,0.17921905038793667,-0.0004903143046838339,0.0001248618530957468,0.0,1269.8729700875767,1.633850463377677,0.0007920922341071351,-0.00011371553927269622,-9.198191368742105e-06,0.24553358938795233
0.22333333333333336,3.5733333333333337,1.3455470521342336,1.05,4.8,0.10101,1.0,11.152999999999999,0.5533683534130601,1.1425505614139295,0.030391936436346245,1.9311153071048928,0.24926313284567445,27.267973013710886,30985.162196888286,14964816.764280368,-297.67093133095995,-0.009606886336094566,-0.03794779199441521,-0.06833388423515621,0.18092924861051823,-0.00048519579440445607,0.00012930331414221936,0.0,1269.8729700875767,1.6332743300286996,0.000880033250768308,-6.91255263426841e-05,-1.407395311848561e-05,0.24924905889255597
0.22666666666666668,3.626666666666667,1.3421188605116927,1.05,4.8,0.10101,1.0,11.152999999999999,0.5565302000584751,1.1422097411118404,0.030391936436346245,1.9305391737559299,0.25298347811202776,30.07678180691491,25393.122017262416,12526817.308716409,-294.54657519281307,-0.011599462838503211,-0.038513294639071154,-0.0703728465453825,0.18261063156664525,-0.0005858308706586046,0.00016119280015010177,0.0,1269.8729700875767,1.6326981966797367,0.0011844460002385098,-1.4072746315835734e-05,-1.6292573722712803e-05,0.25296718553830505
0.23,3.68,1.3386906688891516,1.05,4.8,0.10101,1.0,11.152999999999999,0.5596920467038901,1.1418689208097512,0.029152899995910857,1.9299630404069663,0.2567038233783811,32.96876996275459,25393.122017262416,12526817.308716409,-291.4381039067769,-0.011477048931149755,-0.0391286682862619,-0.07244329889005804,0.18426052448832306,-0.0005796483562677183,0.00016694474596091585,0.0,1269.8729700875767,1.64426462044704,0.0012983346411812695,5.2134737455358253e-05,-1.527758729232554e-05,0.2566885457910888
0.23333333333333334,3.7333333333333334,1.3352624772666104,1.05,4.8,0.10101,1.0,11.152999999999999,0.5628538933493051,1.141528100507662,0.0291528999959111,1.9293869070580185,0.26042416864473444,35.94345116038348,25393.122017262416,12526817.308716409,-288.3451936713284,-0.011355247829522868,-0.03973752953321317,-0.07454639749857737,0.18587777114615706,-0.0005734967916300525,0.0001728611619803449,0.0,1269.8729700875767,1.6436884870980897,0.0014154797955111184,0.0001245031224338218,-1.0567244361947414e-05,0.2604136014003725
0.2366666666666667,3.786666666666667,1.3318342856440692,1.05,4.8,0.10101,1.0,11.152999999999999,0.5660157399947201,1.141187280205573,0.029152899995910857,1.9288107737090392,0.26414451391108784,39.00069534080392,25393.122017262416,12526817.308716409,-285.2675206849444,-0.011234046782078138,-0.040339910722855865,-0.0766817959054059,0.18746271800568193,-0.0005673755327288563,0.00017894178953087482,0.0,1269.8729700875767,1.6431123537491128,0.0015358763414081572,0.00020320595275166966,-1.8283356903342523e-06,0.2641426855753975
0.24000000000000002,3.8400000000000003,1.328406094021528,1.05,4.8,0.10101,1.0,11.152999999999999,0.5691775866401352,1.1408464599034838,0.029152899995910857,1.928234640360076,0.2678648591774412,42.14003691113062,25393.122017262416,12526817.308716409,-282.2050849476249,-0.01111344578881557,-0.0409358438580797,-0.07884914936089751,0.18901570981654367,-0.0005612845795641304,0.00018518570258345516,0.0,1269.8729700875767,1.6425362204001497,0.0016595059434788499,0.00028841614701532304,1.1281586970118861e-05,0.2678761407644113
0.24333333333333335,3.8933333333333335,1.324977902398987,1.05,4.8,0.10101,1.0,11.152999999999999,0.5723394332855501,1.1405056396013946,0.029152899995910857,1.9276585070111123,0.2715852044437945,45.36099860082604,25393.122017262416,12526817.308716409,-279.15788645937,-0.010993444849735159,-0.041525360941774385,-0.08104811482222696,0.19053708962156757,-0.0005552239321358742,0.00019159195188306788,0.0,1269.8729700875767,1.641960087051186,0.0017863498064550445,0.0003803056336802267,2.9114167788666824e-05,0.2716143186115832
0.24666666666666667,3.9466666666666668,1.3215497107764458,1.05,4.8,0.10101,1.0,11.152999999999999,0.5755012799309651,1.1401648192993055,0.029152899995910857,1.9270215277114575,0.27530554971014787,48.66309152958794,25393.122017262416,12526817.308716409,-276.12592522017957,-0.010874043964836906,-0.04210849397682964,-0.08327835095338973,0.19202719875675814,-0.000549193590444088,0.00019815956508375057,0.0,1269.8729700875767,1.6413231077515311,0.0019163886778674334,0.0004790453265954926,5.2030193396019293e-05,0.27535757990354387
0.25,4.0,1.3181106058286696,1.05,4.8,0.10101,1.0,11.152999999999999,0.5793309773974645,1.1397520103323255,0.0291528999959111,1.9262297374442474,0.2790258949765012,52.04581365438742,25393.122017262416,12526817.308716409,-273.10920123005366,-0.010755243134120813,-0.04268527496613518,-0.08553951812520212,0.1934863768512991,-0.0005431935544887717,0.00020488754365987277,0.0,1269.8729700875767,1.6405313174843186,0.002049602786888762,0.0005848050989889909,8.039953807827214e-05,0.27910629451457947
0.25333333333333335,4.053333333333334,1.314654647322386,1.05,4.8,0.10101,1.0,11.152999999999999,0.5841920436397691,1.13922802854226,0.0291528999959111,1.9253439821601406,0.2827462402428546,55.508645712734705,25393.122017262416,12526817.308716409,-270.10771448899226,-0.010637042357586878,-0.04325573591258072,-0.08783127841530122,0.19491496182755338,-0.0005372238242699253,0.00021177485483759787,0.0,1269.8729700875767,1.6396455622002117,0.002185971684576617,0.0006977537515614017,0.00011460110742628283,0.2828608413502809
0.2566666666666667,4.106666666666667,1.3111986888161022,1.05,4.8,0.10101,1.0,11.152999999999999,0.5890531098820735,1.1387040467521943,0.029152899995910614,1.9244582268760013,0.28646658550920795,59.051050413395934,25393.122017262416,12526817.308716409,-267.1214649969954,-0.010519441635235102,-0.04381990881905598,-0.09015329560814489,0.19631328990106306,-0.0005312843997875488,0.00021882042998528045,0.0,1269.8729700875767,1.6387598069160774,0.0023254742120032592,0.0008180589754701992,0.00015502278014712577,0.28662160828935507
0.26,4.16,1.3077427303098184,1.05,4.8,0.10101,1.0,11.152999999999999,0.5939141761243778,1.1381800649621285,0.0291528999959111,1.9235724715919267,0.2901869307755613,62.67247664096398,25393.122017262416,12526817.308716409,-264.15045275406317,-0.010402440967065487,-0.04437782568845066,-0.0925052351950117,0.1976816955805496,-0.0005253752810416424,0.00022602317297603944,0.0,1269.8729700875767,1.6378740516319978,0.002468088665834741,0.0009458873188792112,0.0002020613479964429,0.29038899212355773
0.26333333333333336,4.213333333333334,1.3042867718035347,1.05,4.8,0.10101,1.0,11.152999999999999,0.5987752423666822,1.137656083172063,0.029152899995910614,1.9226867163077874,0.29390727604191463,66.37236203989481,25393.122017262416,12526817.308716409,-261.19467776019536,-0.010286040353078028,-0.04492951852365449,-0.09488676437400119,0.19902051166791346,-0.0005194964680322058,0.00023338196532721119,0.0,1269.8729700875767,1.6369882963478635,0.002613792900092176,0.0010814041606372633,0.00025612245411688256,0.2941633984960315
0.26666666666666666,4.266666666666667,1.300830813297251,1.05,4.8,0.10101,1.0,11.152999999999999,0.6036363086089866,1.1371321013819973,0.0291528999959111,1.9218009610237128,0.297627621308268,70.15013309449729,25393.122017262416,12526817.308716409,-258.2541400153921,-0.01017023979327273,-0.04547501932755717,-0.09729755205003347,0.2003300692582345,-0.0005136479607592392,0.0002408956663594432,0.0,1269.8729700875767,1.636102541063784,0.002762564329301799,0.0012247736867544345,0.0003176205300473272,0.2979452418383153
0.27,4.32,1.2973748547909671,1.05,4.8,0.10101,1.0,11.152999999999999,0.6084973748512911,1.1366081195919318,0.0291528999959111,1.9209152057396053,0.3013479665746213,74.0052052105114,25393.122017262416,12526817.308716409,-255.3288395196534,-0.01005503928764959,-0.046014360103048435,-0.09973726883484964,0.2016106977397717,-0.0005078297592227425,0.00024856311335894705,0.0,1269.8729700875767,1.6352167857796764,0.002914379931707577,0.0013761588670480188,0.00038697873148205977,0.3017349453061034
0.2733333333333334,4.373333333333334,1.2939188962846835,1.05,4.8,0.10101,1.0,11.152999999999999,0.6133584410935955,1.136084137801866,0.029152899995910614,1.920029450455467,0.3050683118409747,77.9369827982614,25393.122017262416,12526817.308716409,-252.4187762729792,-0.009940438836208607,-0.04654757285301799,-0.10220558704701142,0.20286272479396328,-0.0005020418634227158,0.00025638312174288346,0.0,1269.8729700875767,1.634331030495543,0.0030692162525458393,0.0015357214319614444,0.0004646288727889793,0.3055329407137637
0.27666666666666667,4.426666666666667,1.2904629377783998,1.05,4.8,0.10101,1.0,11.152999999999999,0.6182195073358998,1.1355601560118003,0.029150689386914043,1.9190211312555183,0.308788657107328,81.94485935737346,25393.122017262416,12526817.308716409,-249.52395027536957,-0.009826438438949788,-0.047074689580355544,-0.10470218071190136,0.20408647639542665,-0.000496284273359159,0.0002643544852278598,0.0,1269.8729700875767,1.6333443752637606,0.003227049407381526,0.0017036218495595056,0.0005510113602962038,0.30933966846762423
0.28,4.48,1.2869973876112297,1.0495748828851814,4.8,0.10101,1.0028919531620317,11.15458189837963,0.6211828681687541,1.1353508385881905,0.029141175040414465,1.9176071077612749,0.3125090023736814,86.02821487247581,25393.122017262416,12526817.308716409,-246.6443609491186,-0.00971303807312264,-0.047595742287344145,-0.1072267255617067,0.2052822768119747,-0.000490556987883059,0.00027247597065017406,0.0,1269.8729700875767,1.632023592365213,0.0033878549795489207,0.001880019299877652,0.0006465751242811953,0.3131555774979626
0.2833333333333333,4.533333333333333,1.2835097387547232,1.048170317980944,4.8,0.10101,1.0124468164561626,11.15980840860152,0.6197740141378371,1.135866491548954,0.029126567565410887,1.9159087778644759,0.3162293476400347,90.18640699163593,25393.122017262416,12526817.308716409,-243.7800052301047,-0.00960023761805978,-0.048110762972442336,-0.10977889903530098,0.20645044860473372,-0.0004848600009001092,0.00028074630042039365,0.0,1269.8729700875767,1.6304684157234492,0.0035516076727519605,0.0020650716372723403,0.0007517775492718607,0.31698112518930655
0.2866666666666667,4.586666666666667,1.2800220898982166,1.046765753076707,4.8,0.10101,1.0220016797502938,11.165034918823409,0.61836516010692,1.1363821445097178,0.16005564414040685,1.914208115919123,0.3199496929063881,94.41876755802215,25393.122017262416,12526817.308716409,-240.93087681449174,-0.009488036825511463,-0.048619783624270906,-0.11235838027788002,0.20759131262850805,-0.00047919329987245645,0.0002891641456250921,0.0,1269.8729700875767,0.3456628033431359,0.003718281174478492,0.0022589353398651535,0.000867084401995528,0.3208167773083836
0.29000000000000004,4.640000000000001,1.27653444104171,1.0453611881724696,4.8,0.0847917,1.0315565430444251,11.170261429045299,0.6169563060760029,1.1368977974704815,0.030614168953146455,1.9125051219252152,0.3236700381727414,98.69039281995344,28930.217288063985,19260385.03483457,-238.13118801687122,-0.008231227081558053,-0.049092297328459426,-0.11496403576995284,0.20870600240278858,-0.00034896986866567295,0.0002105579092733245,0.0,1269.8729700875767,1.61248626618438,0.0034113256681508257,0.0024490581890019365,0.0009926308960986512,0.32466266906884006
0.29333333333333333,4.693333333333333,1.2730467921852036,1.0439566232682322,4.8,0.0847917,1.041111406338556,11.175487939267189,0.6155474520450859,1.1374134504312452,0.030599561478142905,1.9107997958828484,0.32739038343909477,103.00107256569638,28930.217288063985,19260385.03483457,-235.38132759707253,-0.008136175586008683,-0.049528761399594536,-0.11759393066936759,0.2097964527697272,-0.0003449400797180862,0.00021687500430509794,0.0,1269.8729700875767,1.610924093397048,0.003560328342511016,0.0026349689626195836,0.0011282049534752237,0.32851858839257
0.2966666666666667,4.746666666666667,1.269559143328697,1.0425520583639951,4.8,0.0847917,1.0506662696326872,11.180714449489079,0.6141385980141688,1.137929103392009,0.030584954003138834,1.9090921377919274,0.3311107287054481,107.38484743756516,28930.217288063985,19260385.03483457,-232.64746436549316,-0.008041677048221783,-0.04996017080317402,-0.12024696886144143,0.21086375984400668,-0.00034093373388485346,0.00022329921674881843,0.0,1269.8729700875767,1.609359588561167,0.003711857618223626,0.0028288939215725087,0.0012739079637203471,0.33238463666916845
0.30000000000000004,4.800000000000001,1.2660714944721905,1.0411474934597578,4.8,0.0847917,1.0602211329268183,11.185940959710969,0.6127297439832518,1.1384447563527726,0.03057034652813425,1.9073821476524517,0.3348310739718015,111.8410867408379,28930.217288063985,19260385.03483457,-229.92959068729292,-0.007947731204291961,-0.050386555023241054,-0.12292288155014584,0.21190819242165565,-0.00033695081997748135,0.0002298296223515307,0.0,1269.8729700875767,1.607792751676736,0.003865891694736121,0.00303096723658477,0.0014301709279378755,0.3362612448997394
0.30333333333333334,4.8533333333333335,1.2625838456156842,1.0397429285555204,4.8,0.0847917,1.0697759962209494,11.191167469932859,0.6113208899523347,1.1389604093135361,0.0305557390531307,1.9056698254645168,0.3385514192381548,116.36915060915437,28930.217288063985,19260385.03483457,-227.22769892763156,-0.007854337790313835,-0.05080794352976387,-0.1256214015115593,0.2129300177265955,-0.0003329913268074768,0.00023646528341968203,0.0,1269.8729700875767,1.6062235827438358,0.004022408454469711,0.0032413219072302568,0.0015974319717729413,0.3401488512099277
0.3066666666666667,4.906666666666667,1.2590961967591776,1.0383383636512833,4.8,0.0847917,1.0793308595150806,11.196393980154749,0.6099120359214176,1.1394760622742999,0.03054027982464148,1.9038765910436453,0.3422717645045082,120.96839008440435,28930.217288063985,19260385.03483457,-224.54178145166873,-0.007761496542382005,-0.05122436577863577,-0.12834226309311664,0.21392950141139155,-0.00032905524318634614,0.00024320524893619493,0.0,1269.8729700875767,1.6045818487621588,0.004181385465580773,0.0034600897450982712,0.0017761362825017032,0.3440479007870099
0.31,4.96,1.2555979944621714,1.03677,4.8,0.0847917,1.09,11.20223,0.6080882144265087,1.140077664981732,0.03052193233365532,1.901813668283148,0.3459921097708615,125.63814532492859,28930.217288063985,19260385.03483457,-221.87183040197266,-0.007669207188897003,-0.05163585121146987,-0.13108520221285275,0.21490690755800873,-0.000325142557599399,0.00025004855193467125,0.0,1269.8729700875767,1.6026987314133256,0.004342799920025638,0.0036874013553811064,0.0019667360451811515,0.34795884581604264
0.31333333333333335,5.013333333333334,1.2520745593048517,1.03481,4.8,0.0847917,1.1033333333333335,11.209523333333333,0.6052722220794715,1.140884770146084,0.030501548333655322,1.8995582565938003,0.3497124550372149,130.37773931339862,28930.217288063985,19260385.03483457,-219.21783694372058,-0.00757746942447492,-0.05204242925449313,-0.13384995635861177,0.2158624986786031,-0.00032125325709962503,0.0002569942002785909,0.0,1269.8729700875767,1.6006430829239782,0.004506628416067577,0.00392338611101026,0.002169690377618256,0.35188214541483315
0.3166666666666667,5.066666666666667,1.248551124147532,1.03285,4.8,0.0847917,1.116666666666667,11.216816666666666,0.6024562297324343,1.1416918753104361,0.03048116433365481,1.8972977513089369,0.3534328003035682,135.18647527566333,28930.217288063985,19260385.03483457,-216.5797909550829,-0.007486282899245257,-0.052444129316459004,-0.13663626458717051,0.2167965357163977,-0.000317387326853967,0.00026404117287875495,0.0,1269.8729700875767,1.5985823408391198,0.004672846869056822,0.0041681721186135785,0.0023854652637415596,0.3558182655673098
0.32,5.12,1.2450276889902125,1.03089,4.8,0.0847917,1.1300000000000001,11.22411,0.5996402373853972,1.142498980474788,0.03046078033365532,1.8950321524286529,0.35715314556992156,140.06364306860607,28930.217288063985,19260385.03483457,-213.95768178202232,-0.0073956472449412565,-0.05284098078697064,-0.13944386752326193,0.21770927804665963,-0.00031354475124944277,0.0002711884290543849,0.0,1269.8729700875767,1.5965165051588306,0.004841430732232815,0.0044218861879813,0.002614533485250754,0.3597676790551723
0.32333333333333336,5.173333333333334,1.2415042538328929,1.0289300000000001,4.8,0.0847917,1.1433333333333335,11.231403333333333,0.5968242450383601,1.1433060856391402,0.030440396333654807,1.8927614599528217,0.3608734908362749,145.00852373366908,28930.217288063985,19260385.03483457,-211.35149877050142,-0.007305562093296158,-0.053233013035990304,-0.1422725073585409,0.218600983477734,-0.0003097255146730699,0.00027843491520609476,0.0,1269.8729700875767,1.5944455758830047,0.0050123551541210384,0.004684653811617404,0.002857374551906721,0.3637308653881816
0.32666666666666666,5.226666666666667,1.2379808186755734,1.0269700000000002,4.8,0.0847917,1.1566666666666667,11.238696666666666,0.5940082526913228,1.144113190803492,0.030420012333655322,1.8904856738815694,0.36459383610262824,150.02038958661558,28930.217288063985,19260385.03483457,-208.76123126648295,-0.0072160270760432054,-0.05362025541383935,-0.14512192785053635,0.2194719082520919,-0.00030592960151186634,0.00028577956494743313,0.0,1269.8729700875767,1.5923695530117472,0.0051855949816357215,0.004956599148570915,0.0031144746308450736,0.3677083107334733
0.33,5.28,1.2344573835182537,1.02501,4.8,0.0847917,1.1700000000000002,11.245989999999999,0.5911922603442857,1.1449202959678442,0.030399628333655317,1.8882047942148024,0.36831418136898164,155.09850430838264,28930.217288063985,19260385.03483457,-206.18686861592948,-0.007127041824915638,-0.05400273725119825,-0.14799187432160404,0.2203223070473776,-0.00030215699615284965,0.0002932212992380239,0.0,1269.8729700875767,1.5902884365449803,0.005361124763220258,0.005237845008433743,0.003386326475031866,0.3717005078440135
0.33333333333333337,5.333333333333334,1.230933948360934,1.02305,4.8,0.0847917,1.1833333333333336,11.253283333333332,0.5883762679972485,1.1457274011321963,0.03037924433365481,1.8859188209525202,0.372034526635335,160.24212303701088,28930.217288063985,19260385.03483457,-203.62840016480376,-0.0070386059716467005,-0.05438048785910658,-0.15088209365787886,0.22115243297745613,-0.00029840768298303774,0.0003007590265182847,0.0,1269.8729700875767,1.5882022264827031,0.005538918752024842,0.005528512835506948,0.0036734293508702866,0.37570795598620527
0.33666666666666667,5.386666666666667,1.2274105132036144,1.02109,4.8,0.0847917,1.1966666666666668,11.260576666666665,0.5855602756502114,1.1465345062965482,0.03035886033365532,1.8835857243879388,0.3757548719016883,165.45049246064153,28930.217288063985,19260385.03483457,-201.08581525906845,-0.006950719147969633,-0.05475353652896302,-0.15379233430822736,0.22196253759346096,-0.00029468164638944835,0.00030839164284570975,0.0,1269.8729700875767,1.5860688931181166,0.005718950909120998,0.0058287226931375,0.0039762889649674685,0.3797311608666558
0.34,5.44,1.2238719022195428,1.01913,4.8,0.0847917,1.2100000000000002,11.267869999999998,0.5832057440142503,1.1472903786113058,0.030338476333655322,1.8811368220748417,0.37947521716804167,170.72284979081147,28930.217288063985,19260385.03483457,-198.55910324468618,-0.006863380985617678,-0.055121912532525345,-0.1567223462832004,0.22275287088484128,-0.0002909788707590992,0.00031611803039028263,0.0,1269.8729700875767,1.5838197540050194,0.005901194868012561,0.006138593247194397,0.004295417390042988,0.38377063455808463
0.3433333333333334,5.493333333333334,1.2203083855309378,1.0171700000000001,4.8,0.0847917,1.2233333333333336,11.275163333333332,0.5816085354758549,1.1479621704844982,0.03031809233365481,1.8786145706974056,0.38319556243439507,176.0584199054556,28930.217288063985,19260385.03483457,-196.04825346761962,-0.0067765911163240765,-0.05548564512191046,-0.15967188115398537,0.2235236812804097,-0.0002872993404790081,0.00032393705324768317,0.0,1269.8729700875767,1.5814972658275885,0.006085623835880891,0.006458241745964891,0.00463133298986057,0.38782689542425564
0.3466666666666667,5.546666666666667,1.2167448688423326,1.01521,4.8,0.0847917,1.2366666666666668,11.282456666666665,0.5800113269374596,1.1486339623576907,0.030297708333655318,1.876088079679149,0.38691590770074835,181.45641474635025,28930.217288063985,19260385.03483457,-193.5532552738315,-0.006690349171822073,-0.05584476352959435,-0.1626406920513588,0.22427521564938954,-0.00028364303993619284,0.0003318475565562692,0.0,1269.8729700875767,1.5791705380093268,0.00627221057275693,0.006787783996861896,0.004984560343002615,0.39190046804375095
0.35000000000000003,5.6000000000000005,1.2131813521537274,1.01325,4.8,0.0847917,1.2500000000000002,11.28975,0.5784141183990643,1.1493057542308833,0.03027732433365481,1.8735573490199482,0.39063625296710175,186.9160363925068,28930.217288063985,19260385.03483457,-191.0740980092844,-0.006604654783844906,-0.056199296968412145,-0.165628533664639,0.22500771930246274,-0.0002800099535176711,0.0003398483710009884,0.0,1269.8729700875767,1.576839570550131,0.006460927497755938,0.007127334345408908,0.005355630165463172,0.39599188313256495
0.35333333333333333,5.653333333333333,1.2096178354651224,1.01129,4.8,0.0847917,1.2633333333333334,11.297043333333333,0.576816909860669,1.1499775461040758,0.030256940333655318,1.8710223787199265,0.39435659823345504,192.4364790026527,28930.217288063985,19260385.03483457,-188.61077101994104,-0.00651950758412582,-0.056549274631558025,-0.16863516224063818,0.22572143599281685,-0.00027640006561046064,0.0003479383156599908,0.0,1269.8729700875767,1.5745043634501044,0.006651746756221152,0.007477005658848294,0.00574507923224336,0.4001016774656984
0.3566666666666667,5.706666666666667,1.2060543187765171,1.00933,4.8,0.0847917,1.2766666666666668,11.304336666666666,0.5752197013222737,1.1506493379772684,0.030236556333655316,1.8684831687789911,0.39807694349980843,198.01692891584247,28930.217288063985,19260385.03483457,-186.16326365176405,-0.006434907204398053,-0.05689472569258533,-0.17166033558261537,0.22641660791719306,-0.0002728133606015792,0.00035611619815207,0.0,1269.8729700875767,1.572164916709169,0.00684464022320151,0.0078369093116329,0.006153450298122861,0.4042303937979313
0.36000000000000004,5.760000000000001,1.202490802087912,1.00737,4.8,0.0847917,1.2900000000000003,11.31163,0.5736224927838784,1.1513211298504609,0.03021617233365481,1.865939719197142,0.4017972887661618,203.65656475304357,28930.217288063985,19260385.03483457,-183.7315652507161,-0.006350853276394851,-0.057235679305406476,-0.1747038130492285,0.22709347571693328,-0.0002692498228780446,0.00036438081478553204,0.0,1269.8729700875767,1.569821230327325,0.007039579506963057,0.008207155171103956,0.006581292017662513,0.4083785807838243
0.36333333333333334,5.8133333333333335,1.1989272853993067,1.0054100000000001,4.8,0.0847917,1.3033333333333335,11.318923333333332,0.5720252842454832,1.1519929217236533,0.03019578833365532,1.8633920299744724,0.4055176340325151,209.35455751968658,28930.217288063985,19260385.03483457,-181.31566516275993,-0.006267345431849454,-0.057572164604292986,-0.1777653555534871,0.22775227847902801,-0.0002657094368268747,0.0003727309507084775,0.0,1269.8729700875767,1.5674733043046503,0.007236535952533684,0.008587851583357198,0.007029158864448139,0.4125467928969633
0.3666666666666667,5.866666666666667,1.1953637687107017,1.00345,4.8,0.0847917,1.3166666666666669,11.326216666666665,0.5704280757070879,1.152664713596846,0.030175404333655315,1.8607984052047188,0.40923797929886846,215.1100707091668,28930.217288063985,19260385.03483457,-178.9155527338581,-0.006184383302495104,-0.05790421070387551,-0.18084472556170494,0.22839325373716352,-0.0002621921868350871,0.0003811653800604789,0.0,1269.8729700875767,1.5650794427348966,0.007435480645280767,0.00897910535929892,0.007497611049585638,0.4167355903484541
0.37000000000000005,5.920000000000001,1.1917751553364029,1.00149,4.8,0.0847917,1.3300000000000003,11.33351,0.5692930187447677,1.1532847842766945,0.03015502033365481,1.8581266590572394,0.41295832456522186,220.92225929542585,28930.217288063985,19260385.03483457,-176.53121730997333,-0.006101966520065043,-0.05823184669914378,-0.18394168709245215,0.2290166374727697,-0.00025869805728969954,0.00038968286449625656,0.0,1269.8729700875767,1.5626074597874222,0.007636384376088798,0.009381021759868777,0.007987214439430113,0.420945539004652
0.37333333333333335,5.973333333333334,1.1881670329591734,0.99953,4.8,0.0847917,1.3433333333333335,11.340803333333334,0.5685172170467556,1.1538646492925422,0.030134636333655318,1.8554187775109192,0.41667866983157514,226.79026786833666,28930.217288063985,19260385.03483457,-174.1626482370683,-0.006020094716292513,-0.05855510166544665,-0.18705600571550787,0.22962266411606727,-0.0002552270325777299,0.00039828215045317473,0.0,1269.8729700875767,1.560099341441097,0.007839217576907231,0.009793704478615333,0.00849854047245635,0.4251772103040315
0.3766666666666667,6.026666666666667,1.1845589105819438,0.9975700000000001,4.8,0.0847917,1.356666666666667,11.348096666666667,0.5677414153487435,1.15444451430839,0.030114252333654813,1.8527072364689021,0.42039901509792854,232.71323100183164,28930.217288063985,19260385.03483457,-171.80983486110566,-0.005938767522910755,-0.05887400465849207,-0.19018744855081293,0.2302115665471156,-0.0002517790970861959,0.0004069619696907159,0.0,1269.8729700875767,1.557587563599085,0.008043950333475177,0.010217255622892201,0.009032166075163222,0.42943118117309176
0.38,6.08,1.1809507882047143,0.99561,4.8,0.0847917,1.37,11.35539,0.5669656136507314,1.1550243793242374,0.030093868333655314,1.8499920359313111,0.4241193603642818,238.69027534753968,28930.217288063985,19260385.03483457,-169.4727665280481,-0.005857984571653014,-0.0591885847143471,-0.19333578426742196,0.23078357609685987,-0.00024835423520211543,0.0004157210423586054,0.0,1269.8729700875767,1.555072126261489,0.008250552457689918,0.010651775697323266,0.00958867357703563,0.43370803394131746
0.38333333333333336,6.133333333333334,1.1773426658274848,0.99365,4.8,0.0847917,1.3833333333333335,11.362683333333333,0.5661898119527193,1.1556042443400851,0.030073484333655316,1.8472731758980547,0.4278397056306352,244.72052060982247,28930.217288063985,19260385.03483457,-167.15143258385825,-0.005777745494252527,-0.05949887084943791,-0.19650078308245625,0.23133892254817898,-0.000244952431312506,0.0004245580784256809,0.0,1269.8729700875767,1.5525530294282326,0.008458993521309953,0.011097363590096599,0.010168650624700164,0.4380083562553354
0.3866666666666667,6.186666666666667,1.1737345434502553,0.9916900000000001,4.8,0.0847917,1.396666666666667,11.369976666666666,0.5654140102547072,1.1561841093559329,0.03005310033365481,1.844550656369133,0.43156005089698857,250.80307965567974,28930.217288063985,19260385.03483457,-164.84582237449877,-0.005698049922442538,-0.05980489206054978,-0.19968221676005593,0.23187783413693264,-0.00024157366980438548,0.00043347177784095294,0.0,1269.8729700875767,1.5500302730993158,0.008669242859753977,0.011554116560258306,0.010772690095376299,0.44233274099236486
0.39,6.24,1.1701264210730258,0.98973,4.8,0.0847917,1.4100000000000001,11.37727,0.5646382085566951,1.1567639743717806,0.030032716333655316,1.8418244773446366,0.4352803961633419,256.93705862550917,28930.217288063985,19260385.03483457,-162.55592524593237,-0.00561889748795629,-0.06010667732482708,-0.20287985861033261,0.2324005375530093,-0.0002382179350647717,0.0004424608306959184,0.0,1269.8729700875767,1.5475038572748145,0.008881269575929392,0.012022130225209858,0.011401390009655444,0.44668178617299736
0.39333333333333337,6.293333333333334,1.1665182986957963,0.98777,4.8,0.0847917,1.4233333333333336,11.384563333333332,0.5638624068586829,1.157343839387628,0.030012332333654815,1.8390946388244445,0.43900074142969525,263.12155704470587,28930.217288063985,19260385.03483457,-160.28173054412167,-0.0055402878225270236,-0.060404255599773304,-0.206093483488322,0.23290725794137326,-0.0002348852114806823,0.0004515239173881043,0.0,1269.8729700875767,1.5449737819546272,0.009095042544089858,0.012501498548410374,0.012055353443618654,0.4510560948733139
0.39666666666666667,6.346666666666667,1.1629101763185667,0.9858100000000001,4.8,0.0847917,1.4366666666666668,11.391856666666666,0.5630866051606709,1.1579237044034758,0.029991948333655316,1.8363054193314585,0.4427210866960486,269.3556679360874,28930.217288063985,19260385.03483457,-158.0232276150294,-0.005462220557887983,-0.06069765582325103,-0.20932286779293593,0.23339821890311266,-0.00023157548343913522,0.0004606597087858213,0.0,1269.8729700875767,1.5423843256616365,0.009310530413721367,0.012992313827285336,0.012735188440303866,0.45545627513635245
0.4,6.4,1.1592597926876735,0.98385,4.8,0.0847917,1.4500000000000002,11.39915,0.5629407720216052,1.1584332110980933,0.029971564333655318,1.8334476579672894,0.44644143196240194,275.63847644727144,28930.217288063985,19260385.03483457,-155.78040580461817,-0.005384695325772406,-0.06098690691348198,-0.2125677894659155,0.23387364249648643,-0.00022828873532714804,0.00046986686421665103,0.0,1269.8729700875767,1.5397263274974673,0.00952770156209626,0.013494666679973809,0.013441507920497447,0.4598829398828994
0.4033333333333334,6.453333333333334,1.1556022784998552,0.98189,4.8,0.0847917,1.4633333333333336,11.406443333333334,0.5629012307286447,1.1589308465401755,0.029951180333654813,1.8305773356822737,0.45016177722875533,281.9690582347532,28930.217288063985,19260385.03483457,-153.55325445885063,-0.0053077117579135346,-0.06127203776904694,-0.21582802799078296,0.23433374923797237,-0.0002250249515317385,0.0004791440290993891,0.0,1269.8729700875767,1.5370557684124564,0.009746524038417364,0.014008646029320842,0.01417492959274531,0.46433670682150063
0.4066666666666667,6.506666666666667,1.1519447643120369,0.9799300000000001,4.8,0.0847917,1.4766666666666668,11.413736666666667,0.5628616894356844,1.159428481982258,0.029930796333655314,1.8277038728479174,0.4538821224951086,288.34648082780666,28930.217288063985,19260385.03483457,-151.34176292368954,-0.005231269486044616,-0.06155307726888582,-0.21910336439179448,0.23477875810331414,-0.00022178411643992464,0.000488489836942777,0.0,1269.8729700875767,1.5343820687780951,0.009966965610962504,0.014534339086637633,0.014936075862504195,0.4688181983576128
0.41000000000000003,6.5600000000000005,1.1482872501242185,0.97797,4.8,0.0847917,1.4900000000000002,11.42103,0.5628221481427239,1.1599261174243403,0.029910412333655316,1.8248272694641303,0.457602467761462,294.7698054888856,28930.217288063985,19260385.03483457,-149.14592054509745,-0.005155368141898886,-0.06183005427229765,-0.22239358123289274,0.23520888652856928,-0.0002185662144387239,0.000497902912071831,0.0,1269.8729700875767,1.5317052285943082,0.010188993831391014,0.01507183133843373,0.015725573740506104,0.4733280415019681
0.4133333333333334,6.613333333333334,1.1446297359364,0.97601,4.8,0.0847917,1.5033333333333336,11.428323333333333,0.5627826068497634,1.1604237528664227,0.02989002833365481,1.8219475255309119,0.4613228130278154,301.23808758202773,28930.217288063985,19260385.03483457,-146.9657166690371,-0.00508000735720959,-0.062102997618940545,-0.2256984626166591,0.2356243504111563,-0.0002153712299151542,0.0005073818701677206,0.0,1269.8729700875767,1.5290252478610946,0.010412576047477957,0.015621206535203573,0.016544054750469772,0.4778668677782852
0.4166666666666667,6.666666666666667,1.1409722217485816,0.97405,4.8,0.0847917,1.5166666666666668,11.435616666666666,0.5627430655568031,1.160921388308505,0.029869644333655312,1.8190646410483526,0.4650431582941687,307.7503766907938,28930.217288063985,19260385.03483457,-144.80114064147116,-0.0050051867637099685,-0.06237193612883173,-0.22901779418326632,0.23602536411090239,-0.00021219914725623327,0.0005169253184406028,0.0,1269.8729700875767,1.5263421265785306,0.01063767940719081,0.0161825466806614,0.01739215483622616,0.48243531313039484
0.42000000000000004,6.720000000000001,1.1373147075607632,0.97209,4.8,0.0847917,1.5300000000000002,11.442910000000001,0.5627035242638426,1.1614190237505873,0.029849260333654815,1.8161786160163325,0.4687635035605221,314.3057167369283,28930.217288063985,19260385.03483457,-142.65218180836226,-0.004930905993133263,-0.06263689860234756,-0.2323513631094311,0.236412140451091,-0.00020904995084897887,0.0005265318558035135,0.0,1269.8729700875767,1.5236558647465153,0.010864270862791079,0.016755932021194256,0.01827051426827565,0.48703401782879774
0.42333333333333334,6.773333333333333,1.133657193372945,0.9701299999999999,4.8,0.0847917,1.5433333333333334,11.450203333333334,0.5626639829708822,1.1619166591926697,0.029828876333655316,1.8132718973261435,0.4724838488268754,320.90314609972614,28930.217288063985,19260385.03483457,-140.5188295156731,-0.004857164677212718,-0.06289791382022344,-0.2356989581073663,0.2367848907195091,-0.0002059236250804088,0.0005362000730472938,0.0,1269.8729700875767,1.5209489092563213,0.011092317174960321,0.017341441035534286,0.0191797775497884,0.4916636263766638
0.4266666666666667,6.826666666666667,1.1299851767347449,0.96817,4.8,0.0847917,1.5566666666666669,11.457496666666668,0.5628277465694891,1.1623917717423968,0.029808492333655314,1.8102962706573595,0.4762041940932288,327.5416972680253,28930.217288063985,19260385.03483457,-138.4010731093663,-0.004783962447681572,-0.06315501054355396,-0.2390603694237337,0.23714382466949507,-0.00020282015433754075,0.000545928552330602,0.0,1269.8729700875767,1.5181730457875373,0.011321784900770942,0.01793915042422046,0.020120593322048533,0.4963247874152773
0.43000000000000005,6.880000000000001,1.1262731855831425,0.96621,4.8,0.0847917,1.5700000000000003,11.46479,0.5635518991988326,1.1628048022550466,0.029788108333654813,1.807269556087295,0.4799245393595821,334.22039520725656,28930.217288063985,19260385.03483457,-136.29890193540456,-0.004711298936273068,-0.06340821751379276,-0.2424353888385963,0.23748915052098582,-0.00019973952300739254,0.0005557158647869029,0.0,1269.8729700875767,1.5153460944174777,0.011552640337241748,0.018549135097234135,0.02109361426928733,0.5010181536288695
0.43333333333333335,6.933333333333334,1.1225611944315401,0.9642499999999999,4.8,0.0847917,1.5833333333333335,11.472083333333334,0.5642760518281762,1.1632178327676963,0.029767724333655314,1.8042402349048599,0.48364488462593547,340.9382566706909,28930.217288063985,19260385.03483457,-134.21230533975057,-0.004639173774720448,-0.06365756345275259,-0.2458238096643708,0.23782107496156465,-0.00019668171547698192,0.0005655605695151336,0.0,1269.8729700875767,1.5125165364350377,0.011784849497530565,0.019171468159494724,0.022099497022800087,0.5057443816487356
0.4366666666666667,6.986666666666667,1.1188492032799378,0.96229,4.8,0.0847917,1.596666666666667,11.479376666666667,0.5650002044575196,1.163630863280346,0.029747340333654816,1.8012083071099354,0.4873652298922888,347.6942920901803,28930.217288063985,19260385.03483457,-132.14127266836695,-0.004567586594756955,-0.06390307706260531,-0.24922542674478038,0.23813980314750843,-0.00019364671613332664,0.0005754612163504939,0.0,1269.8729700875767,1.5096843718401183,0.012018378176289462,0.019806220897463263,0.023138902064318973,0.5105041319566078
0.44,7.04,1.1151372121283354,0.96033,4.8,0.0847917,1.61,11.48667,0.5657243570868632,1.164043893792996,0.029726956333655314,1.7981737727026401,0.49108557515864215,354.4875069924997,28930.217288063985,19260385.03483457,-130.08579326721642,-0.004496537028115829,-0.06414478702588192,-0.25264003645380667,0.23844553870483548,-0.00019063450936344448,0.0005854163479400283,0.0,1269.8729700875767,1.506849600632818,0.012253191998621939,0.02045346276879423,0.024212493628752496,0.5152980687873947
0.44333333333333336,7.093333333333334,1.111425220976733,0.9583699999999999,4.8,0.0847917,1.6233333333333335,11.493963333333333,0.5664485097162067,1.1644569243056457,0.029706572333655312,1.7951366316828845,0.4948059204249955,361.31690212350884,28930.217288063985,19260385.03483457,-128.04585648226157,-0.004426024706530312,-0.06438272200547249,-0.2560674366946428,0.23873848373035267,-0.00018764507955435313,0.0005954244999245781,0.0,1269.8729700875767,1.5040122228130623,0.01248925642437469,0.021113261393407474,0.025320939606411214,0.5201268600314067
0.4466666666666667,7.146666666666667,1.1077132298251307,0.95641,4.8,0.0847917,1.636666666666667,11.501256666666666,0.5671726623455502,1.1648699548182955,0.029686188333654814,1.7920968840506688,0.4985262656913489,368.18147357290985,28930.217288063985,19260385.03483457,-126.02145165946513,-0.004356049261733648,-0.0646169106446262,-0.2595074268986455,0.23901883879270341,-0.00018467841109307047,0.0006054842011216085,0.0,1269.8729700875767,1.5011722383808517,0.012726536752449972,0.02178568254478947,0.02646491144476314,0.524991177136112
0.45,7.2,1.1040012386735283,0.95445,4.8,0.0847917,1.6500000000000001,11.50855,0.5678968149748937,1.1652829853309452,0.029665804333655316,1.7890545298060823,0.5022466109577022,375.0802128995865,28930.217288063985,19260385.03483457,-124.01256814478977,-0.004286610325459077,-0.06484738156695134,-0.26295980802428753,0.23928680293341464,-0.0001817344883666142,0.0006155939737088872,0.0,1269.8729700875767,1.4983296473362602,0.012964998125138068,0.022470790141525147,0.027645084049731518,0.5298916950074337
0.45333333333333337,7.253333333333334,1.100289247521926,0.95249,4.8,0.0847917,1.6633333333333336,11.515843333333333,0.5686209676042373,1.165696015843595,0.029645420333655314,1.78594189205143,0.5059669562240555,382.01210725750997,28930.217288063985,19260385.03483457,-122.01919528419809,-0.004217707529439839,-0.06507416337641532,-0.2664243825561107,0.23954257366794485,-0.00017881329576200202,0.0006257523334089928,0.0,1269.8729700875767,1.495416772781608,0.013204605532469344,0.023168646239061348,0.028862135686547167,0.5348290919106027
0.4566666666666667,7.3066666666666675,1.096529163238823,0.95053,4.8,0.0847917,1.676666666666667,11.523136666666666,0.5701555995847775,1.1660205966590127,0.029625036333654816,1.7827426652432306,0.509687301490409,388.97613771753174,28930.217288063985,19260385.03483457,-120.04132242365282,-0.00414934050540918,-0.06529728465734463,-0.2699009545036776,0.23978634698673135,-0.0001759148176662518,0.0006359577870299832,0.0,1269.8729700875767,1.4924173091734132,0.013445323754205445,0.023879311020039345,0.030116747880123192,0.5398040493705322
0.46,7.36,1.0927572690831477,0.94857,4.8,0.0847917,1.6900000000000002,11.530429999999999,0.5718892549510185,1.1663234575401944,0.029604652333655314,1.7795248739163652,0.5134076467567622,395.971277155137,28930.217288063985,19260385.03483457,-118.07893890911663,-0.00408150888510034,-0.06551677397442489,-0.2733893294005248,0.2400183173562374,-0.00017303903846638125,0.0006462088293699989,0.0,1269.8729700875767,1.489399281046543,0.013687117286827522,0.02460284278113355,0.03140960531482112,0.5448172520715833
0.4633333333333334,7.413333333333334,1.0889853749274723,0.94661,4.8,0.0847917,1.7033333333333336,11.537723333333334,0.5736229103172596,1.1666263184213763,0.029584268333654816,1.7763051712513842,0.5171279920231157,402.9964917578124,28930.217288063985,19260385.03483457,-116.13203408655212,-0.00401421230024656,-0.06573265987270081,-0.2768893143031148,0.24023867772000085,-0.00017018594254940812,0.0006565039454262381,0.0,1269.8729700875767,1.486379341581567,0.013929950395639804,0.025339297919332683,0.03274139573350023,0.5498693877566159
0.4666666666666667,7.466666666666667,1.085213480771797,0.94465,4.8,0.0847917,1.7166666666666668,11.545016666666667,0.5753565656835007,1.1669291793025582,0.029563884333655314,1.7730835572484054,0.5208483372894689,410.0507434121199,28930.217288063985,19260385.03483457,-114.20059730192204,-0.003947450382581083,-0.06594497087757621,-0.2804007177897888,0.24044761949968008,-0.00016735551430235022,0.0006668416138930997,0.0,1269.8729700875767,1.4833574907785834,0.01417378719728104,0.026088730921810563,0.03411280983593071,0.5549611471253996
0.47000000000000003,7.5200000000000005,1.0814415866161216,0.94269,4.8,0.0847917,1.7300000000000002,11.55231,0.5770902210497417,1.1672320401837402,0.029543500333655312,1.7698600319073399,0.5245686825558223,417.13299027737844,28930.217288063985,19260385.03483457,-112.284617901189,-0.00388122276383715,-0.06615373549481403,-0.28392334995971924,0.2406453325961031,-0.00016454773811222523,0.0006772203080028861,0.0,1269.8729700875767,1.4803337286375178,0.014418591679554338,0.02685119435852618,0.0355245411767397,0.560093223732562
0.4733333333333334,7.573333333333334,1.077669692460446,0.94073,4.8,0.0847917,1.7433333333333336,11.559603333333333,0.5788238764159828,1.167534901064922,0.029523116333654814,1.7666345952281879,0.5282890278221757,424.24218691573776,28930.217288063985,19260385.03483457,-110.38408523031566,-0.0038155290757480027,-0.0663589822105363,-0.28745702243186194,0.24083200539031374,-0.00016176259836605096,0.0006876384957164205,0.0,1269.8729700875767,1.4773080551583706,0.014664327705923295,0.027626738875472255,0.03697728606297967,0.5652663138851554
0.4766666666666667,7.626666666666667,1.0738977983047708,0.93877,4.8,0.0847917,1.7566666666666668,11.566896666666667,0.5805575317822238,1.167837761946104,0.029502732333655315,1.7634072472110376,0.532009373088529,431.3772844227032,28930.217288063985,19260385.03483457,-108.49898863526475,-0.0037503689500468845,-0.06656073949122415,-0.29100154834390884,0.24100782474462018,-0.0001590000794508452,0.000698094639914324,0.0,1269.8729700875767,1.4742804703412156,0.014910959020023698,0.028415413188164165,0.03847174345134329,0.5704811165398723
0.48000000000000004,7.680000000000001,1.0701259041490954,0.93681,4.8,0.0847917,1.7700000000000002,11.574190000000002,0.582291187148465,1.168140622827286,0.029482348333654818,1.7601238820753415,0.5357297183548824,438.537230558093,28930.217288063985,19260385.03483457,-106.62931746199887,-0.0036857420184670353,-0.06675903578371786,-0.29455674235124063,0.24117297600364174,-0.00015626016575362567,0.0007085871985889284,0.0,1269.8729700875767,1.4711968684055243,0.015158449250190196,0.029217264075369873,0.040008614845037545,0.57573833319992
0.48333333333333334,7.733333333333333,1.0663228666217603,0.9348500000000001,4.8,0.0847917,1.7833333333333334,11.581483333333335,0.5846920654589121,1.1683715846057607,0.029461964333655312,1.756724786571088,0.5394500636212357,445.7209684346347,28930.217288063985,19260385.03483457,-104.77506105648074,-0.0036216479127416986,-0.06695389951521676,-0.29812242062587885,0.24132764299535686,-0.00015354284166141014,0.0007191146229224758,0.0,1269.8729700875767,1.467997536101266,0.015406761864126407,0.03003233637175164,0.0415886041902941,0.5810386678115298
0.4866666666666667,7.786666666666667,1.0624852549766495,0.93289,4.8,0.0847917,1.7966666666666669,11.588776666666668,0.5878336678280068,1.1685227268941647,0.029441580333655314,1.7532645452223907,0.543170408887589,452.9274336148406,28930.217288063985,19260385.03483457,-102.93620876467297,-0.003558086264604115,-0.06714535909327932,-0.30169840085543875,0.2414720080321503,-0.00015084809156121635,0.0007296753530327294,0.0,1269.8729700875767,1.4647370579525687,0.015655860068555696,0.03086067295662317,0.043212417772384104,0.5863828266599731
0.49000000000000005,7.840000000000001,1.0586476433315386,0.93093,4.8,0.0847917,1.8100000000000003,11.596070000000001,0.5909752701971015,1.1686738691825689,0.02942119633365482,1.7498033500231485,0.5468907541539424,460.15555410714114,28930.217288063985,19260385.03483457,-101.11274993253826,-0.003495056705787527,-0.06733344290582309,-0.3052845022420815,0.24160625191186091,-0.00014817589984006212,0.0007402678179673059,0.0,1269.8729700875767,1.4614756259533312,0.01590570680908753,0.03170231474002699,0.04488076411096145,0.5917715182649038
0.49333333333333335,7.8933333333333335,1.0548100316864277,0.92897,4.8,0.0847917,1.8233333333333335,11.603363333333334,0.5941168725661962,1.1688250114709728,0.02940081233365531,1.746341200973448,0.5506110994202957,467.4042535603365,28930.217288063985,19260385.03483457,-99.30467390603931,-0.003432558868025177,-0.06751817932112476,-0.3088805455014667,0.24173055391882903,-0.0001455262508849652,0.0007508904403849932,0.0,1269.8729700875767,1.458213240103626,0.016156264880636685,0.03255730065175296,0.04659435385474223,0.5972054532750379
0.4966666666666667,7.946666666666667,1.0509724200413169,0.92701,4.8,0.0847917,1.836666666666667,11.610656666666667,0.5972584749352909,1.1689761537593768,0.02938042833365482,1.7428780980731737,0.5543314446866491,474.67245300305007,28930.217288063985,19260385.03483457,-97.51197003113872,-0.003370592383050305,-0.06769959668782011,-0.3124863528617053,0.2418450918249438,-0.00014289912908294327,0.0007615416391048349,0.0,1269.8729700875767,1.4549499004033564,0.016407496987549078,0.033425667634904586,0.04835389967571978,0.6026853443623689
0.5,8.0,1.047134808396206,0.92505,4.8,0.0847917,1.85,11.61795,0.6004000773043856,1.1691272960477808,0.0293600443336558,1.7394140413224697,0.5580517899530024,481.9590709784386,28930.217288063985,19260385.03483457,-95.73462765379921,-0.003309156882596155,-0.06787772333490401,-0.3161017480623112,0.2419500418906912,-0.0001402945188210142,0.0007722198293035422,0.0,1269.8729700875767,1.4516856068526427,0.01665936574825814,0.03430745064119277,0.05016011616308236,0.6082119061160848
0.5033333333333334,8.053333333333335,1.043297196751095,0.92309,4.8,0.0847917,1.8633333333333337,11.625243333333334,0.6035416796734805,1.169278438336185,0.02933966033365482,1.7359490307211338,0.5617721352193559,489.2630236792145,28930.217288063985,19260385.03483457,-93.97263611998336,-0.003248251998395966,-0.06805258757173047,-0.3197265563531549,0.24204557886620098,-0.0001377124044861956,0.0007829234227133624,0.0,1269.8729700875767,1.4484203594513165,0.016911833699952,0.035202682626478396,0.052013719716886966,0.6137858549362428
0.5066666666666667,8.106666666666667,1.039459585105984,0.92113,4.8,0.0847917,1.876666666666667,11.632536666666667,0.6066832820425752,1.169429580624589,0.029319276333654817,1.732413040108898,0.5654924804857092,496.5832250829586,28930.217288063985,19260385.03483457,-92.22598477565397,-0.0031878773621829837,-0.06822421768801257,-0.3233606044934147,0.24213187599229452,-0.00013515277046550545,0.0007936508278203737,0.0,1269.8729700875767,1.4450841320390806,0.017164863303250705,0.03611139454656379,0.053915428441501406,0.6194079089272106
0.51,8.16,1.0356012752926993,0.91917,4.8,0.0847917,1.8900000000000001,11.63983,0.610714338836734,1.1694860804115805,0.4217051232366609,1.7286332587103983,0.5692128257520624,503.9185852204074,28930.217288063985,19260385.03483457,-90.49466296677363,-0.003128032605690448,-0.06839264195382252,-0.32700372075053025,0.2422091050015322,-0.00013261560114596137,0.0008044004473267425,286.7098162371987,1269.8729700875767,-289.11389318620763,0.017418416882347923,0.03703361535151308,0.05586596203878343,0.6250787877908459
0.5133333333333334,8.213333333333335,1.031691688864005,0.91721,4.8,0.0847917,1.9033333333333338,11.647123333333333,0.6169488859153786,1.1693081175589075,0.02927850833365482,1.7246807511679605,0.5729331710184159,503.5201017492192,28930.217288063985,19260385.03483457,-88.88120886764762,-0.003072262056749853,-0.06855798314482094,-0.3306557374198275,0.2422774335985884,-0.00013025116131865826,0.0007378846309098423,0.0,0.0,1.4377513694981432,0.017404642928726333,0.03796223027980842,0.05786585125561872,0.6307990222740346
0.5166666666666667,8.266666666666667,1.0277821024353109,0.91525,4.8,0.0847917,1.916666666666667,11.654416666666666,0.623183432994023,1.1691301547062347,0.02925812433365482,1.7207293667391756,0.5766535162847692,495.41880854966377,28930.217288063985,19260385.03483457,-87.3856118242387,-0.0030205653470944446,-0.06872045854225678,-0.3343164958648162,0.24233702041995303,-0.000128059435370614,0.0007260125731276812,0.0,0.0,1.4339997482693585,0.017124614157463084,0.03888301046877346,0.05991505767558088,0.6365685739603502
0.52,8.32,1.0238725160066167,0.9132899999999999,4.8,0.0847917,1.9300000000000002,11.66171,0.6294179800726674,1.1689521918535617,0.029237740333654817,1.7167791054239854,0.5803738615511226,487.39409537991554,28930.217288063985,19260385.03483457,-85.90531235416682,-0.0029693974123592083,-0.06888019088250888,-0.3379858465161433,0.2423880150349793,-0.00012589012728476913,0.000714252739717165,0.0,0.0,1.4302492501541682,0.016847232446505142,0.0397889263782126,0.062012975991500484,0.642386837542623
0.5233333333333333,8.373333333333333,1.0199629295779227,0.91133,4.8,0.0847917,1.9433333333333334,11.669003333333333,0.6356525271513118,1.168774229000889,0.029217356333655797,1.7128299672224472,0.5840942068174758,479.44576218345856,28930.217288063985,19260385.03483457,-84.44029980339468,-0.002918757884277386,-0.06903720835708585,-0.3416636438291991,0.2424305629882767,-0.0001237432214481414,0.0007026048375050361,0.0,0.0,1.4264998751526203,0.016572490880712054,0.04068011900027172,0.06415881720159337,0.6482530240190691
0.5266666666666667,8.426666666666668,1.0160533431492285,0.90937,4.8,0.0847917,1.956666666666667,11.676296666666666,0.6418870742299564,1.168596266148216,0.02919697233365482,1.7088819521343894,0.5878145520838293,471.5736089636762,28930.217288063985,19260385.03483457,-82.99056351788488,-0.002868646394582217,-0.06919153913785545,-0.34534974376239763,0.24246480832143164,-0.00012161870224774848,0.0006910685734058166,0.0,0.0,1.4227516232645723,0.01630038254701384,0.04155672895834443,0.06635179981382319,0.6541663518976525
0.53,8.48,1.0121437567205342,0.9074099999999999,4.8,0.0847917,1.9700000000000002,11.68359,0.6481216213086008,1.168418303295543,0.029176588333654822,1.7049350601599842,0.5915348973501826,463.7774357838519,25284.991222575278,16935681.73008187,-81.55609284360018,-0.0032254744376096203,-0.0693540490267139,-0.34904429278011945,0.24249060457006316,-0.00013674673043573182,0.0007776248932735131,0.0,0.0,1.419004494490167,0.01834200501401701,0.04248052595997191,0.06859279327831161,0.6601276906284942
0.5333333333333333,8.533333333333333,1.0082341702918403,0.90545,4.8,0.0847917,1.9833333333333334,11.690883333333334,0.6543561683872453,1.1682403404428703,0.02797469802541258,1.7008167432318375,0.595255242616536,456.05704276716773,25284.991222575278,16935681.73008187,-80.13687712650321,-0.0031693456573144603,-0.06952457756257853,-0.35274772282250055,0.2425075197940354,-0.00013436710308565526,0.0007646799560419688,0.0,0.0,1.4266647025827943,0.018036670005247418,0.04345062396048562,0.07088429060952378,0.6661395332260598
0.5366666666666667,8.586666666666668,1.0043047450693678,0.9034805637912694,4.79520700508921,0.0847917,1.9935212637564614,11.691663136363994,0.6568504361816716,1.167837323451434,0.14194187913696016,1.69601653500795,0.5989755878828893,448.41253426240525,25284.991222575278,16935681.73008187,-78.7325969455747,-0.003113807564832359,-0.06969212831516912,-0.35646016831257393,0.24251541957031536,-0.00013201251844749797,0.0007518622558878048,0.0,0.0,0.30498611946574017,0.01773433616469076,0.04440451745835066,0.0732270943806928,0.672202682263582
0.54,8.64,1.000316421241182,0.9014831127977857,4.776184278240361,0.07000245000000001,1.9943709325952375,11.673105178369957,0.6482403375875393,1.166766152179478,0.02630325757129366,1.6907098666348657,0.6026959331492426,440.81420311289764,19125.29977433816,20103342.34834337,-77.37272163014467,-0.004045569091364592,-0.06988304502600104,-0.3601821729350051,0.24251376021423754,-0.00014159987401989765,0.0008067343931022991,0.0,0.0,1.4329379424361877,0.023048747382478727,0.04549206635294183,0.07562433661566058,0.6783202697649032
0.5433333333333333,8.693333333333333,0.9963280974129959,0.899485661804302,4.757161551391513,0.07000245000000001,1.9952206014340137,11.654547220375918,0.639630238993407,1.1656949809075223,0.026282484080962308,1.6854100875333948,0.606416278415596,433.26221660504075,19125.29977433816,20103342.34834337,-76.05681437710773,-0.003976764561837552,-0.07009697392341976,-0.3639149734403229,0.24250130497527306,-0.0001391916312009026,0.0007929134971123113,0.0,0.0,1.4278417435399642,0.022653878460319923,0.04671080304208312,0.07808307979952789,0.6844993582151239
0.5466666666666667,8.746666666666668,0.9923397735848098,0.8974882108108183,4.738138824542663,0.07000245000000001,1.99607027027279,11.63598926238188,0.6310201403992745,1.1646238096355666,0.0262617105906292,1.6801171977033689,0.6101366236819494,425.7865175554763,19125.29977433816,20103342.34834337,-74.75464953122253,-0.003908678578284373,-0.07030725240715635,-0.3676590861424717,0.2424775375394777,-0.00013680853837121147,0.0007792322148551214,0.0,0.0,1.4227524339152027,0.022262998362346496,0.04790858642402092,0.08060626351862406,0.6907428872005735
0.55,8.8,0.9883514497566239,0.8954907598173347,4.7191160976938145,0.07000245000000001,1.996919939111566,11.617431304387841,0.6224100418051423,1.1635526383636106,0.02624093710029697,1.674831197144956,0.6138569689483027,418.3868343506442,19125.29977433816,20103342.34834337,-73.46621623487822,-0.00384131057299574,-0.07051391878452382,-0.37141431737424985,0.24244265157405281,-0.00013445057566030283,0.0007656900492505558,0.0,0.0,1.4176700135620457,0.02187609288676484,0.04908562885733054,0.08319277592612674,0.6970497448744294
0.5533333333333333,8.853333333333333,0.984363125928438,0.893493308823851,4.700093370844965,0.07000245000000001,1.9977696079503422,11.598873346393804,0.61379994321101,1.1624814670916548,0.026220163609965617,1.6695520858581563,0.617577314214656,411.06289574441155,19125.29977433816,20103342.34834337,-72.1915036304638,-0.003774659978262329,-0.07071701133255737,-0.3751804755107053,0.24239683870395068,-0.0001321177231976549,0.0007522865038908696,0.0,0.0,1.4125944824804932,0.021493147850992916,0.050242141943670736,0.08584151648082008,0.7034188306954761
0.5566666666666668,8.906666666666668,0.980374802100252,0.8914958578303673,4.681070643996116,0.07000245000000001,1.9986192767891184,11.580315388399764,0.6051898446168774,1.161410295819699,0.026199390119632508,1.664279863842802,0.6212976594810095,403.81443085807314,19125.29977433816,20103342.34834337,-70.93050086036828,-0.003708726226374816,-0.07091656829801436,-0.37895737096752063,0.24234028851348882,-0.00012980996111274588,0.0007390210830407481,0.0,0.0,1.4075258406704034,0.021114149091660307,0.05137833652880818,0.08855139590675291,0.7098490553877623
0.56,8.96,0.976386478272066,0.8894984068368836,4.662047917147267,0.07000245000000001,1.9994689456278945,11.561757430405725,0.5965797460227451,1.160339124547743,0.0261786116589146,1.6589063680591152,0.6250180047473628,396.6411691803523,19125.29977433816,20103342.34834337,-69.68319706698081,-0.0036435087496238857,-0.07111262789737433,-0.38274481619939765,0.24227318854796515,-0.0001275272695350543,0.0007258932916373072,0.0,0.0,1.4023559738017521,0.02073908246460823,0.052494422703642,0.09132133615295156,0.7163393409003144
0.5633333333333334,9.013333333333334,0.9723658764760976,0.8875000000000001,4.642539682539682,0.07000245000000001,2.0,11.542539682539683,0.5887943625738733,1.1591177995892132,0.026157819943362803,1.653252205917166,0.628738350013716,389.54283768435073,19125.29977433816,20103342.34834337,-68.44958139139148,-0.0035790069802322986,-0.07130522831683715,-0.3865426256984433,0.24219572431527275,-0.00012526962859168124,0.0007129026300138224,0.0,0.0,1.3969055704722104,0.0203679336941442,0.053590609801208715,0.09415027035308088,0.7228886203667969
0.5666666666666667,9.066666666666666,0.9682914750014998,0.8855000000000001,4.622222222222222,0.07000245000000001,2.0,11.522222222222222,0.5823835826959215,1.157646204225274,0.026137019943363683,1.6474268341660292,0.6324586952800694,382.5191531628631,19125.29977433816,20103342.34834337,-67.22964296992753,-0.0035152203501737814,-0.07149440771231465,-0.39035061599255394,0.24210807928751543,-0.0001230370184010113,0.0007000485798725816,0.0,0.0,1.3912840387210652,0.020000687972280443,0.05466710637898003,0.09703714278455255,0.7294958380646219
0.5700000000000001,9.120000000000001,0.9642170735269019,0.8835,4.601904761904761,0.07000245000000001,2.0,11.501904761904761,0.5759728028179695,1.1561746088613345,0.026116219943362808,1.641610939104491,0.6361790405464228,375.56982036428707,16920.333581535844,17976473.896550026,-66.02337093328727,-0.0039020135516320232,-0.0716922006163628,-0.39416892554798544,0.2420101149984374,-0.00013657525427372157,0.0007768998006117796,0.0,0.0,1.3856719836595355,0.022196360287726487,0.05579236099924691,0.09998272858130534,0.7361617691277281
0.5733333333333334,9.173333333333334,0.9601426720523042,0.8815000000000001,4.581587301587301,0.07000245000000001,2.0,11.481587301587302,0.5695620229400176,1.1547030134973955,0.025014506036770183,1.6358045207327154,0.6398993858127762,368.69453972630805,16920.333581535844,17976473.896550026,-64.83075441000412,-0.0038315293311208753,-0.07189842842656954,-0.39799800898913024,0.24190137682364593,-0.00013410822021266128,0.0007626776670239023,0.0,0.0,1.3906623615723677,0.021790027835422967,0.05696533134919755,0.10298960037726383,0.74288898619004
0.5766666666666667,9.226666666666667,0.9560682705777064,0.8795000000000001,4.561269841269841,0.07000245000000001,2.0,11.461269841269841,0.5631512430620658,1.1532314181334562,0.02499370603677102,1.630007579050701,0.6436197310791294,361.8932946708686,16920.333581535844,17976473.896550026,-63.65150004977711,-0.003761834820989358,-0.07210091813729248,-0.4018379915641665,0.2417817395149629,-0.00013166882698228326,0.0007486086826673915,0.0,0.0,1.385069259890345,0.021388070922300332,0.05811674731607016,0.1060584558083376,0.749678186887467
0.5800000000000001,9.280000000000001,0.9519938691031085,0.8775,4.540952380952381,0.07000245000000001,2.0,11.440952380952382,0.5567404631841137,1.1517598227695167,0.024972906036770184,1.6242201140582857,0.6473400763454829,355.1660691253346,16920.333581535844,17976473.896550026,-62.485314502305286,-0.0036929126840910395,-0.07229971140409464,-0.40568867501860356,0.2416514013268793,-0.0001292564677612244,0.0007346928142945642,0.0,0.0,1.3794856348979379,0.020990488598458028,0.05924684223662374,0.10918815152974284,0.7565282278752257
0.5833333333333334,9.333333333333334,0.9479194676285106,0.8755000000000001,4.520634920634921,0.07000245000000001,2.0,11.420634920634921,0.5503296833061618,1.1502882274055775,0.024952106036770186,1.618442125755633,0.6510604216118362,348.5125650436618,16920.333581535844,17976473.896550026,-61.332186896122046,-0.0036247622779169214,-0.07249484940308151,-0.4095498633067949,0.2415105583050413,-0.0001268711200608827,0.0007209294453704918,0.0,0.0,1.373911486595285,0.0205972632492289,0.06035584895256205,0.1123775566281211,0.7634379782399573
0.5866666666666667,9.386666666666667,0.9438450661539128,0.8735,4.50031746031746,0.07000245000000001,2.0,11.400317460317462,0.54391890342821,1.1488166320416384,0.024931306036771017,1.6125858713004708,0.6547807668781895,341.93248488522886,16920.333581535844,17976473.896550026,-60.19210635976069,-0.003557382959957998,-0.07268637327609151,-0.41342136257823947,0.24135940429995006,-0.0001245127613926559,0.0007073179604057585,0.0,0.0,1.3682590721401149,0.020208377289816525,0.06144399936693658,0.1156255525833077,0.7704063194614972
0.5900000000000001,9.440000000000001,0.9397081558637721,0.8714999999999999,4.4799999999999995,0.07000245000000001,2.0,11.38,0.5386900790023443,1.1472199629642963,0.024910506036770183,1.606607539509374,0.658501112144543,335.4255292750286,16920.333581535844,17976473.896550026,-59.06506202175452,-0.0034907740877052635,-0.07287432413069586,-0.4173029811757539,0.24119813096878912,-0.00012218136926794168,0.0006938577401163569,0.0,0.0,1.3624845803490262,0.019823813027011392,0.06251152444205202,0.11893103321821413,0.7774321453627571
0.5933333333333334,9.493333333333334,0.9355396747259386,0.8695,4.4596825396825395,0.07000245000000001,2.0,11.35968253968254,0.5340582157448116,1.1455601238665034,0.02488970603677018,1.600595479345007,0.6622214574108962,328.9913934955616,14776.224366274933,15934608.252618698,-57.95104301063694,-0.003921911414860731,-0.07307199574409762,-0.42119488303908165,0.24102657437181457,-0.00013727170386160882,0.0007792993325875324,0.0,0.0,1.3566763601846592,0.022264915944728573,0.06363389054796507,0.12229491095128123,0.7845163683621774
0.5966666666666667,9.546666666666667,0.931371193588105,0.8675,4.439365079365079,0.07000245000000001,2.0,11.339365079365079,0.5294263524872788,1.1439002847687103,0.02383119213017836,1.59459410811087,0.6659418026772496,322.6297686745089,14776.224366274933,15934608.252618698,-56.85003845494124,-0.0038473995146348105,-0.07327917736888416,-0.4250975809887611,0.24084422168848846,-0.0001346636960766238,0.0007642302150506156,0.0,0.0,1.3610484252351223,0.02183438479797823,0.0648098719011039,0.12572007794992304,0.7916618806271726
0.6000000000000001,9.600000000000001,0.9272027124502714,0.8654999999999999,4.4190476190476184,0.07000245000000001,2.0,11.319047619047618,0.5247944892297458,1.1422404456709172,0.023810392130177563,1.5886034258068047,0.669662147943603,316.3406165144005,14776.224366274933,15934608.252618698,-55.76176629396647,-0.0037737492956073687,-0.07348240800382395,-0.4290112232653667,0.2406509246782363,-0.00013208584818914505,0.0007493327673428231,0.0,0.0,1.3552615829310646,0.02140875833182476,0.06596302238456535,0.1292073551308743,0.7988695030744773
0.6033333333333334,9.653333333333334,0.9230342313124379,0.8634999999999999,4.398730158730158,0.07000245000000001,2.0,11.298730158730159,0.5201626259722131,1.1405806065731243,0.02378959213017756,1.5826234324329695,0.6733824932099564,310.1238992878434,14776.224366274933,15934608.252618698,-54.68594446701177,-0.0037009416689574824,-0.07368173309621234,-0.43293560036136763,0.24044689284858872,-0.00012953749206705636,0.0007346069000972816,0.0,0.0,1.3494854295572294,0.02098803399301829,0.06709360351322782,0.1327555318214821,0.8061380250314385
0.6066666666666667,9.706666666666667,0.9188657501746044,0.8615,4.378412698412697,0.07000245000000001,2.0,11.278412698412698,0.5155307627146802,1.1389207674753312,0.02376879213017756,1.5766541279893116,0.6771028384763096,303.979308648286,14776.224366274933,15934608.252618698,-53.62256210261045,-0.0036289758989446522,-0.07387719756468973,-0.4368705051789917,0.2402323332973179,-0.00012701860195853904,0.0007200518829171885,0.0,0.0,1.3437199651135714,0.020572190913809112,0.06820187617740987,0.13636341127989907,0.8134662497562086
0.61,9.76,0.9146972690367708,0.8595,4.358095238095237,0.07000245000000001,2.0,11.258095238095237,0.5108988994571475,1.1372609283775381,0.023747992130178357,1.5706832066870107,0.6808231837426629,297.9065368192531,14776.224366274933,15934608.252618698,-52.571608329295834,-0.00355785124982838,-0.07406884628865701,-0.44081573301508087,0.24000745072758206,-0.00012452915211177436,0.0007056669867561114,0.0,0.0,1.3379528838112629,0.02016120826502819,0.06928810015551219,0.14002981064877695,0.8208529943914399
0.6133333333333334,9.813333333333334,0.9105156360692247,0.8574999999999999,4.337777777777777,0.07000245000000001,2.0,11.237777777777776,0.5064355099067417,1.1355832615078745,0.023727192130177564,1.564627001198044,0.6845435290090164,291.9052762661914,14776.224366274933,15934608.252618698,-51.53307227560122,-0.003487566985868166,-0.07425672410827559,-0.44477108155899914,0.23977244745001725,-0.0001220691167749435,0.0006914514831406711,0.0,0.0,1.332100518322304,0.019755065233878842,0.07035253411548308,0.14375356089600358,0.8282970899050199
0.6166666666666667,9.866666666666667,0.9062443129842015,0.8555,4.317460317460317,0.07000245000000001,2.0,11.217460317460317,0.5031210423629501,1.1337840165012993,0.023706392130177563,1.5584982661802584,0.6882638742753697,285.97521713718675,14776.224366274933,15934608.252618698,-50.50694307006002,-0.0034181223713235175,-0.07444087582446737,-0.4487363508905389,0.2395275233848308,-0.000119638470196228,0.0006774046381082333,0.0,0.0,1.3261756233045183,0.01935374085073403,0.07139543561107274,0.14753350675537835,0.8357973810307481
0.62,9.92,0.9019729898991782,0.8535,4.297142857142857,0.07000245000000001,2.0,11.197142857142858,0.4998065748191586,1.131984771494724,0.023685592130178353,1.5523811178303355,0.691984219541723,280.1160453719588,12695.888286572583,13977745.416549385,-49.49320984120552,-0.0038983652599992153,-0.07463598216130264,-0.45271173377015944,0.23927248577156351,-0.00013644755959741606,0.0007722503938966972,0.0,0.0,1.3202623149545876,0.02206352474511098,0.07249989602696193,0.15137071559905924,0.8433549351407822
0.6233333333333334,9.973333333333334,0.8977016668141549,0.8515,4.276825396825396,0.07000245000000001,2.0,11.176825396825397,0.4964921072753669,1.1301855264881486,0.022670278223584937,1.5462755561481212,0.6957045648080764,274.3274452850843,12695.888286572583,13977745.416549385,-48.49186171757103,-0.0038194934157428717,-0.0748417917259891,-0.4566978077404873,0.23900675706758912,-0.00013368694843043482,0.0007562918339674957,0.0,0.0,1.3241068295569889,0.02160758184799234,0.07366445886944471,0.15526843172963017,0.8509729965377066
0.6266666666666667,10.026666666666667,0.8934303437291317,0.8495,4.256507936507936,0.07000245000000001,2.0,11.156507936507937,0.49317763973157536,1.1283862814815735,0.022649478223584936,1.5401815811337702,0.6994249100744298,268.60936170873026,12695.888286572583,13977745.416549385,-47.50262792805568,-0.003741575764989629,-0.0750434202374753,-0.46069474672617966,0.2387301633482501,-0.00013095973520494913,0.0007405276806205854,0.0,0.0,1.318216694542638,0.021157193230253665,0.07480485287153125,0.15922761337605615,0.8586525234504859
0.63,10.08,0.8891590206441085,0.8475,4.236190476190476,0.07000245000000001,2.0,11.136190476190476,0.4898631721877838,1.1265870364749981,0.022628678223585698,1.5340991927872818,0.7031452553407831,262.9617400930189,12695.888286572583,13977745.416549385,-46.52523770155853,-0.0036645909802754425,-0.07524091801734904,-0.4647023290796416,0.2384429262611415,-0.00012826517343359135,0.0007249577834677063,0.0,0.0,1.3123381461961419,0.020712354595237917,0.07592137414687769,0.16324697942988034,0.8663922347706634
0.6333333333333334,10.133333333333335,0.884887697559085,0.8455,4.215873015873015,0.07000245000000001,2.0,11.115873015873015,0.48654870464399214,1.1247877914684228,0.02260787822358494,1.5280283911085035,0.7068656006071364,257.3842666063937,12695.888286572583,13977745.416549385,-45.55968016661288,-0.00358853820530208,-0.07543433479563111,-0.46872033582132117,0.23814526478581527,-0.00012560323314487432,0.0007095812773083563,0.0,0.0,1.306471184517371,0.020273041223795918,0.07701431803538529,0.16732526455474078,0.8741908651618773
0.6366666666666667,10.186666666666667,0.8806163744740618,0.8435,4.195555555555555,0.07000245000000001,2.0,11.095555555555556,0.4832342371002006,1.1229885464618476,0.02258707822358494,1.5219114046289768,0.7105859458734898,251.87662803525433,12695.888286572583,13977745.416549385,-44.605944451752116,-0.0035134165837713166,-0.07562372025667306,-0.4727485506227159,0.23783739525077385,-0.00012297388436731122,0.0006943972986456731,0.0,0.0,1.3005580380378443,0.01983922844545221,0.07808397855989856,0.171461219130615,0.8820471650041047
0.64,10.24,0.8762581260953911,0.8415,4.175238095238095,0.07000245000000001,2.0,11.075238095238097,0.48072573438269184,1.1211040148114169,0.022566278223585694,1.515731564052163,0.7143062911398431,246.43851024338315,12695.888286572583,13977745.416549385,-43.66401968550955,-0.0034392252593849195,-0.07580912403915722,-0.47678675980393803,0.2375195313359051,-0.00012037709712941495,0.000679404981439236,0.0,0.0,1.294582037461023,0.019410891517060786,0.07913064842556555,0.17565360918356066,0.8899599003234038
0.6433333333333334,10.293333333333335,0.8718743224879484,0.8395,4.154920634920635,0.07000245000000001,2.0,11.054920634920636,0.4784541778364695,1.1191944096800295,0.02254547822358494,1.5095469961917085,0.7180266364061966,241.0695961868584,12695.888286572583,13977745.416549385,-42.73389499641848,-0.003365963375844656,-0.07599059573609668,-0.4808347523312782,0.23719188407491837,-0.00011781284145969839,0.0006646034516323905,0.0,0.0,1.2886013096005762,0.0189880054664484,0.0801546190117925,0.17990121631522363,0.8979278527214202
0.6466666666666667,10.346666666666668,0.8674905188805058,0.8375,4.134603174603175,0.07000245000000001,2.0,11.034603174603175,0.47618262129024724,1.1172848045486423,0.02252467822358494,1.5033747256894898,0.7217469816725498,235.76956701958883,10682.203292225402,12105885.388342084,-41.815559513012296,-0.003914506995335505,-0.07618474161266148,-0.48489276132724507,0.23685422034530473,-0.00013701254010781196,0.0007725207466713582,0.0,0.0,1.2826328790983574,0.022071248839757984,0.08124953245995799,0.18420532702113693,0.9059523086936867
0.65,10.4,0.8631067152730633,0.8355,4.114285714285714,0.07000245000000001,2.0,11.014285714285714,0.47391106474402495,1.115375199417255,0.021552564316992314,1.4972147525454562,0.7254673269389031,230.5381040973512,10682.203292225402,12105885.388342084,-40.90900236382431,-0.003829640875080352,-0.07639125222253923,-0.4889614544961837,0.23650587244271942,-0.0001340421219378843,0.0007553793755692315,0.0,0.0,1.2859996222389316,0.021581512520468395,0.08241360609623068,0.18856967738263525,0.9140370043215384
0.6533333333333333,10.453333333333333,0.8587229116656206,0.8335,4.093968253968254,0.07000245000000001,2.0,10.993968253968255,0.47163950819780265,1.1134655942858678,0.021531764316993034,1.4910670767596579,0.7291876722052565,225.37513804181592,10682.203292225402,12105885.388342084,-40.01396406735359,-0.0037458530766284978,-0.0765932653945848,-0.49304104163264034,0.23614663057261615,-0.0001311094463520163,0.0007384624407727672,0.0,0.0,1.2800557864531261,0.021098188442626425,0.08355173145524653,0.19299541971734127,0.9221830919225977
0.6566666666666667,10.506666666666668,0.8543391080581779,0.8315,4.073650793650794,0.07000245000000001,2.0,10.973650793650794,0.4693679516515803,1.1115559891544804,0.021510964316992315,1.4849316983319452,0.7329080174716099,220.28060013051225,10682.203292225402,12105885.388342084,-39.130185142099194,-0.0036631193089705074,-0.07679083799153412,-0.49713128438960363,0.2357767330820063,-0.00012821366313512126,0.0007217697171064474,0.0,0.0,1.2741242480254205,0.020621270172871017,0.08466425035165982,0.19748117923219222,0.9303891967038022
0.66,10.56,0.8499553044507353,0.8295,4.053333333333334,0.07000245000000001,2.0,10.953333333333333,0.467096395105358,1.109646384023093,0.021490164316992313,1.4787653874020816,0.7366283627379633,215.25417368679487,10682.203292225402,12105885.388342084,-38.25765471659451,-0.0035814385543887516,-0.0769840262012237,-0.5012319474347438,0.23539641530321953,-0.00012535473666583545,0.000705300166950016,0.0,0.0,1.2681617770955569,0.02015072806594672,0.08575150363802829,0.20202559933858386,0.9386539620765472
0.6633333333333333,10.613333333333333,0.8454968280522904,0.8275,4.033015873015874,0.07000245000000001,2.0,10.933015873015874,0.46543813808898254,1.107671879957071,0.021469364316993034,1.4725403660044691,0.7403487080043165,210.2955415370807,10682.203292225402,12105885.388342084,-37.396361919372836,-0.0035008097951655932,-0.07717288615721181,-0.5053427984309686,0.23500590957334788,-0.00012253263132279486,0.0006890527510549548,0.0,0.0,1.2621405956979375,0.019686532430077938,0.08681383058458894,0.20662734158452026,0.9469760495888367
0.6666666666666667,10.666666666666668,0.8409898915027734,0.8255,4.012698412698413,0.07000245000000001,2.0,10.912698412698413,0.46417789201434073,1.1056552586468082,0.021448564316992314,1.4663002085774637,0.74406905327067,205.40438411730753,10682.203292225402,12105885.388342084,-36.546295878967484,-0.003421232013583395,-0.07735747393877845,-0.5094636080335284,0.23460544523714155,-0.00011974731148463548,0.0006730264223401195,0.0,0.0,1.256104278270939,0.0192286533497076,0.08785156887204991,0.21128508557003073,0.9553541388407008
0.67,10.72,0.8364829549532565,0.8235,3.992380952380952,0.07000245000000001,2.0,10.892380952380952,0.462917645939699,1.1036386373365452,0.021427764316992316,1.4600730376649274,0.7477893985370233,200.5803798941737,10682.203292225402,12105885.388342084,-35.70744572391184,-0.003342704191924527,-0.07753784557092533,-0.5135941498871205,0.23419524864990282,-0.00011699874152999357,0.0006572201272719714,0.0,0.0,1.2500809473584027,0.01877706072493095,0.08886505458070693,0.2159975288621042,0.9637869273991275
0.6733333333333333,10.773333333333333,0.8319760184037396,0.8215,3.972063492063492,0.07000245000000001,2.0,10.872063492063493,0.46165739986505727,1.1016220160262822,0.02140696431699303,1.4538588532668602,0.7515097438033767,195.8232072770566,10682.203292225402,12105885.388342084,-34.87980058273921,-0.003265225312471353,-0.07771405702437588,-0.5177342006229951,0.23377554318038152,-0.00011428688583750515,0.0006416328121291545,0.0,0.0,1.2440706029603286,0.018331724450477215,0.08985462218538447,0.22076338690919992,0.9722731307125766
0.6766666666666667,10.826666666666668,0.8274690818542226,0.8195,3.951746031746031,0.07000245000000001,2.0,10.851746031746032,0.46039715379041546,1.0996053947160191,0.021386164316992314,1.447657655383117,0.75523008906973,191.1325453679479,8737.99973063662,10319028.167996798,-34.0633495839829,-0.003898300598997748,-0.07790508438201506,-0.5218840443938323,0.2333460446758977,-0.00013644529638315496,0.0007656069388272747,0.0,0.0,1.2380732450765923,0.021873718386350036,0.09092676732769989,0.22558422396288227,0.9808143130326122
0.68,10.88,0.8229621453047057,0.8175,3.931428571428571,0.07000245000000001,2.0,10.831428571428573,0.4591369077157737,1.0975887734057563,0.02045725041039969,1.4414694440138427,0.7589504343360833,186.50807396145365,8737.99973063662,10319028.167996798,-33.2580818561763,-0.0038061436119720764,-0.07811053622764091,-0.526044460943423,0.23290597339266028,-0.00013321968894494736,0.0007470830009473887,0.0,0.0,1.2409883899919256,0.02134448154164286,0.09207925265911301,0.2304643844958639,0.9894148188319473
0.6833333333333333,10.933333333333334,0.8184552087551888,0.8155,3.911111111111111,0.07000245000000001,2.0,10.811111111111112,0.45787666164113194,1.0955721520954933,0.020436450410400375,1.4352485683335705,0.7626707796024367,181.94971086522787,8737.99973063662,10319028.167996798,-32.46374920741846,-0.0037152380645648366,-0.0783111064056819,-0.5302157047469783,0.23245507485545835,-0.0001300378834263984,0.000728823868733949,0.0,0.0,1.2349713543116467,0.020822810308323465,0.09320371377511211,0.23540526360077652,0.9980760432032132
0.6866666666666668,10.986666666666668,0.8138624532776059,0.8135,3.8907936507936505,0.07000245000000001,2.0,10.79079365079365,0.45727520690240236,1.0934858179389513,0.02041565041039969,1.4289691750016247,0.7663911248687901,177.45737336218338,8737.99973063662,10319028.167996798,-31.68010344580843,-0.003625555553032768,-0.07850686090215117,-0.5343975172085207,0.23199360766026944,-0.00012689888566169935,0.0007108292108526146,0.0,0.0,1.2288958009797077,0.020308695220027713,0.09430055392253484,0.24040537740604723,1.0067965022748373
0.6900000000000001,11.040000000000001,0.8092205533423141,0.8115,3.8704761904761904,0.07000245000000001,2.0,10.770476190476192,0.45705101093019934,1.0913595625190826,0.020394850410399692,1.4226772678511266,0.7701114701351434,173.03073898328014,8737.99973063662,10319028.167996798,-30.907133699879594,-0.0035370948332162293,-0.07869786491245115,-0.5385896432302434,0.23152182690489997,-0.00012380265210373872,0.0006930977356105755,0.0,0.0,1.2228077338292096,0.019802099372538403,0.09537017511166992,0.24546326351362596,1.0155747336487693
0.6933333333333334,11.093333333333334,0.8045786534070224,0.8095,3.8501587301587303,0.07000245000000001,2.0,10.75015873015873,0.45682681495799626,1.089233307099214,0.02037405041039969,1.4163990532300745,0.7738318154014967,168.66948336530515,8737.99973063662,10319028.167996798,-30.14482909816526,-0.0034498546609555703,-0.07888418356562907,-0.5427918311896588,0.2310399842118379,-0.00012074913920540464,0.000675628143727659,0.0,0.0,1.2167333592081575,0.01930298564486411,0.09641297737880065,0.2505774809133718,1.0244092963148685
0.6966666666666667,11.146666666666667,0.7999367534717305,0.8075,3.8298412698412703,0.07000245000000001,2.0,10.729841269841272,0.45660261898579324,1.0871070516793453,0.02035325041040037,1.4101345311385154,0.77755216066785,164.37328217647783,8737.99973063662,10319028.167996798,-29.393178769198762,-0.0033638337920911423,-0.07906588192437698,-0.5470038329360589,0.23054832773179113,-0.0001177383034195853,0.0006584191360495988,0.0,0.0,1.2106726771165917,0.018811316919610636,0.09742935878051998,0.25574660987762027,1.0332987705454704
0.7000000000000001,11.200000000000001,0.7952948535364387,0.8055,3.8095238095238093,0.07000245000000001,2.0,10.70952380952381,0.4563784230135902,1.0849807962594764,0.02033245041039969,1.403883701576308,0.7812725059342035,160.14181181528568,8737.99973063662,10319028.167996798,-28.652171841513407,-0.0032790309824632952,-0.07924302498503177,-0.5512254037869766,0.2300471021472269,-0.00011477010119916886,0.0006414694163473155,0.0,0.0,1.204625687554391,0.018327056162957597,0.09841971539605515,0.2609692518556624,1.042241757789866
0.7033333333333334,11.253333333333334,0.7906529536011468,0.8035,3.7892063492063492,0.07000245000000001,2.0,10.689206349206351,0.45615422704138714,1.0828545408396077,0.02031165041039969,1.3976465645435934,0.7849928512005567,155.97474941048492,8737.99973063662,10319028.167996798,-27.921797443642582,-0.0031954449879123877,-0.07941567767757512,-0.5554563025246461,0.22953654867591067,-0.00011184448899704378,0.0006247776913169182,0.0,0.0,1.1985923905216764,0.01785016642465851,0.0993844413317249,0.26624402936840313,1.0512368805689598
0.7066666666666667,11.306666666666667,0.7860110536658551,0.8015,3.768888888888889,0.07000245000000001,2.0,10.668888888888892,0.4559300310691841,1.080728285419739,0.02029085041040037,1.391351906213767,0.7887131964669101,151.8717728210995,6866.051108026475,8617173.755513525,-27.20204470411959,-0.003961817976029942,-0.07960653802328026,-0.5596968949433355,0.22901630152357455,-0.0001386684823880686,0.0007742001928074917,0.0,0.0,1.1925015721918433,0.022119231335688726,0.10045029193866749,0.2715729555889469,1.0602861520558569
0.7100000000000001,11.360000000000001,0.7812405479463456,0.7995,3.7485714285714287,0.07000245000000001,2.0,10.648571428571431,0.4567515243773007,1.0784913758790877,0.019405136503807065,1.384989276978046,0.7924335417332635,147.8325587373863,6866.051108026475,8617173.755513525,-26.492902751477743,-0.003858535617439157,-0.07981508078577278,-0.5639481381115771,0.22848540362168646,-0.00013505347331650187,0.000753609399243205,0.0,0.0,1.194818939240737,0.02153094353821059,0.1016142966019715,0.2769613446166974,1.069394886349961
0.7133333333333334,11.413333333333334,0.7764504788005542,0.7975,3.728253968253968,0.07000245000000001,2.0,10.62825396825397,0.4577320872426221,1.0762376337072455,0.019384336503807068,1.378630301153863,0.7961538869996169,143.85700653397814,6866.051108026475,8617173.755513525,-25.794134683416168,-0.0037567641541821025,-0.08001815544634934,-0.5682103577444336,0.22794352925518324,-0.00013149134743246248,0.0007333431362950501,0.0,0.0,1.1886638034165538,0.020951927719531246,0.1027471731688446,0.28241098381058577,1.0785648708102027
0.7166666666666667,11.466666666666667,0.7716604096547627,0.7955,3.707936507936508,0.07000245000000001,2.0,10.60793650793651,0.45871265010794343,1.0739838915354034,0.01936353650380771,1.3722858388405494,0.7998742322659701,139.94501387037417,6866.051108026475,8617173.755513525,-25.105503597633916,-0.0036564690828306476,-0.08021584166600301,-0.5724832643340964,0.22739096793187374,-0.00012798089707369916,0.0007134008822595266,0.0,0.0,1.182523181103234,0.020382168974358083,0.10384941574734831,0.28792022618168417,1.0877944584476542
0.7200000000000001,11.520000000000001,0.7668703405089711,0.7935,3.6876190476190476,0.07000245000000001,2.0,10.587619047619048,0.4596932129732649,1.0717301493635611,0.019342736503807065,1.365955890037969,0.8035945775323236,136.09625285969057,6866.051108026475,8617173.755513525,-24.426998622664296,-0.0035576488200195476,-0.08040821814341235,-0.5767665725956809,0.22682800493664268,-0.00012452206682048872,0.0006937809656602043,0.0,0.0,1.1763970723006596,0.019821619547893087,0.10492151677460837,0.2934874510489365,1.09708202858126
0.7233333333333334,11.573333333333334,0.7620802713631797,0.7915,3.6673015873015875,0.07000245000000001,2.0,10.56730158730159,0.4606737758385862,1.0694764071917189,0.019321936503807067,1.3596404547462584,0.8073149227986769,132.3103963890979,6866.051108026475,8617173.755513525,-23.75860888704069,-0.003460301782383569,-0.08059536349280977,-0.5810600014393135,0.22625492135936343,-0.00012111480125310834,0.0006744817189665677,0.0,0.0,1.170285477008949,0.019270231798074713,0.10596396614383417,0.29911106392676157,1.1064259867254385
0.7266666666666667,11.626666666666667,0.7572902022173882,0.7895000000000001,3.6469841269841274,0.07000245000000001,2.0,10.546984126984128,0.4616543387039076,1.0672226650198768,0.01930113650380771,1.3533080875527521,0.8110352680650302,128.58711811982013,6866.051108026475,8617173.755513525,-23.100323519296406,-0.0033644263865574672,-0.08077735624398152,-0.5853632739656278,0.22567199409940242,-0.00011775904495183489,0.000655501478594011,0.0,0.0,1.1641569498154365,0.01872795819557775,0.10697725121033157,0.3047894963895393,1.1158247644545696
0.7300000000000001,11.680000000000001,0.7524497022167962,0.7875,3.6266666666666665,0.07000245000000001,2.0,10.526666666666667,0.4631036755921101,1.0649193175031928,0.019280336503807068,1.3468889421806218,0.8147556133313837,124.92609164859088,6866.051108026475,8617173.755513525,-22.45213164796476,-0.003270021049175998,-0.08095427484226775,-0.5896761174612613,0.22507949587012244,-0.00011445474249694518,0.0006368385806291744,0.0,0.0,1.1579416444433126,0.018194751201684352,0.10796185679425858,0.3105212059363285,1.1252768192677123
0.7333333333333334,11.733333333333334,0.7474966436209997,0.7855,3.6063492063492064,0.07000245000000001,2.0,10.506349206349208,0.4655992875373757,1.0625052538792337,0.019259536503807066,1.3404149802568024,0.8184759585977369,121.32698780654201,6866.051108026475,8617173.755513525,-21.814022401579123,-0.0031770841868739275,-0.08112619764856241,-0.59399826339435,0.2244776952033869,-0.0001112018384687164,0.0006184913470604273,0.0,0.0,1.1516715225194931,0.017670562874883014,0.10891826516963371,0.31630467585536554,1.1347806344531024
0.7366666666666667,11.786666666666667,0.742543585025203,0.7835000000000001,3.5860317460317463,0.07000245000000001,2.0,10.486031746031747,0.46809489948264127,1.0600911902552748,0.01923873650380771,1.3339565642721214,0.8221963038640903,117.78947364894546,6866.051108026475,8617173.755513525,-21.185984908672808,-0.0030856142162860108,-0.08129320293931334,-0.5983294474100267,0.22386685645406357,-0.00010800027744742534,0.0006004580806278516,0.0,0.0,1.1454169465348059,0.01715534472373043,0.10984695603893006,0.32213841508759383,1.1443347189516841
0.7400000000000001,11.840000000000002,0.7375905264294063,0.7815,3.5657142857142854,0.07000245000000001,2.0,10.465714285714286,0.470590511427907,1.0576771266313156,0.019217936503807067,1.3275136942264454,0.8259166491304437,114.31321518385691,6866.051108026475,8617173.755513525,-20.56800829777913,-0.0029956095540470047,-0.08145536890652223,-0.6026694093259157,0.22324723980452799,-0.00010485000401334889,0.0005827370787331117,0.0,0.0,1.139177916489136,0.016649048104262397,0.11074840651434323,0.3280209580890146,1.1539376072194583
0.7433333333333334,11.893333333333334,0.7326374678336096,0.7795000000000001,3.5453968253968253,0.07000245000000001,2.0,10.445396825396827,0.4730861233731726,1.0552630630073567,0.01919713650380707,1.3210863701199078,0.8296369943967971,110.89787924844913,5069.06503618298,7000322.150892265,-19.960081697431463,-0.00393762588464666,-0.08164025518488739,-0.6070186259683533,0.22261836842844374,-0.0001378217295543418,0.0007657352186036709,0.0,0.0,1.1329544323825984,0.021877383394543214,0.11177577802097803,0.33395493634328977,1.1635919307400868
0.7466666666666667,11.946666666666667,0.727684409237813,0.7775000000000001,3.5250793650793653,0.07000245000000001,2.0,10.425079365079366,0.47558173531843817,1.0528489993833976,0.018354622597214442,1.3146745919524638,0.8333573396631503,107.54313350901124,5069.06503618298,7000322.150892265,-19.362194236163116,-0.003819677612726567,-0.08184711661148401,-0.6113782892162565,0.2219790504468938,-0.00013369339555050546,0.0007425711420716652,0.0,0.0,1.1347992904997624,0.021215575799751727,0.11292492359949255,0.3399469550531689,1.1733042947163193
0.75,12.0,0.7227313506420164,0.7755000000000001,3.504761904761905,0.07000245000000001,2.0,10.404761904761905,0.47807734726370377,1.0504349357594387,0.018333822597215055,1.3081444110261309,0.8370776849295036,104.24886120218356,5069.06503618298,7000322.150892265,-18.77412030127317,-0.0037036653046002613,-0.0820477390892794,-0.6157488187016101,0.2213288662278935,-0.0001296328226510073,0.0007198246266098378,0.0,0.0,1.1284729495734234,0.02056569810370459,0.1140390909035847,0.3459993287732509,1.1830770137027544
0.7533333333333334,12.053333333333335,0.7176045643857624,0.7735000000000001,3.4844444444444442,0.07000245000000001,2.0,10.384444444444446,0.48260594797999906,1.0478057426613105,0.018313022597214443,1.3014919148310629,0.8407980301958571,101.01494282175773,5069.06503618298,7000322.150892265,-18.195634280060684,-0.0035895444525134847,-0.08224222468280244,-0.6201298844021991,0.220668145793658,-0.0001256384530299263,0.0006974948470435938,0.0,0.0,1.1220242933783613,0.019927726730809957,0.11511891556583845,0.352110208945769,1.1929082391416261
0.7566666666666667,12.106666666666667,0.7124717898340656,0.7715000000000001,3.464126984126984,0.07000245000000001,2.0,10.364126984126985,0.4872046246839688,1.0451691341703409,0.01829222259721444,1.294851768630819,0.8445183754622104,97.84103770114405,5069.06503618298,7000322.150892265,-17.62672530105903,-0.0034773129117972416,-0.08243067421251739,-0.6245211617060742,0.21999721375613623,-0.00012171021162122042,0.0006755794511150968,0.0,0.0,1.1155879871781174,0.019301594476053244,0.11616503079802146,0.3582777808488052,1.2027961563110157
0.76,12.16,0.7073390152823689,0.7695000000000001,3.443809523809524,0.07000245000000001,2.0,10.343809523809524,0.4918033013879385,1.042532525679371,0.01827142259721505,1.288228601500518,0.8482387207285637,94.7268022413452,5069.06503618298,7000322.150892265,-17.067382492801517,-0.003366968537782522,-0.08261318838450618,-0.6289223313753282,0.2193163893532355,-0.00011784802335884707,0.0006540760663186221,0.0,0.0,1.1091686600478106,0.01868723355592903,0.11717806621220764,0.36450026343574454,1.2127389841643081
0.7633333333333334,12.213333333333335,0.702206240730672,0.7675000000000001,3.4234920634920636,0.07000245000000001,2.0,10.323492063492065,0.49640197809190834,1.039895917188401,0.018250622597214442,1.2816224134400318,0.8519590659949171,91.67189362547226,5069.06503618298,7000322.150892265,-16.517594983821464,-0.0032585091858003184,-0.08278986779046839,-0.6333330795399943,0.21862598645492282,-0.00011405181317676377,0.0006329823255488012,0.0,0.0,1.1027663119873303,0.018084576341222375,0.11815864780946503,0.3707759091429893,1.2227349751379064
0.7666666666666667,12.266666666666667,0.6970734661789751,0.7655000000000001,3.4031746031746035,0.07000245000000001,2.0,10.303174603174604,0.5010006547958781,1.037259308697431,0.018229822597214444,1.2750332044494888,0.8556794112612705,88.67596994218705,5069.06503618298,7000322.150892265,-15.97735190265224,-0.0031519327111816323,-0.08296081290772124,-0.637753097691946,0.21792631356932446,-0.00011032150600892834,0.000612295867952973,0.0,0.0,1.0963809429967872,0.017493555381360878,0.1191073979887339,0.37710300369760785,1.2327824149588782
0.77,12.32,0.6919406916272784,0.7635000000000001,3.3828571428571435,0.07000245000000001,2.0,10.282857142857143,0.5055993314998478,1.0346227002064614,0.01820902259721505,1.2682628086537922,0.8593997565276238,85.7386901857014,5069.06503618298,7000322.150892265,-15.44664237782716,-0.003047236969257456,-0.08312612409919962,-0.6421820826787972,0.21721767384882662,-0.00010665702678929831,0.0005920143389311803,0.0,0.0,1.0898143872010846,0.016914103404414568,0.12002493555635457,0.38347986592547684,1.2428796224531007
0.7733333333333334,12.373333333333335,0.6866398045708213,0.7615000000000001,3.3625396825396825,0.07000245000000001,2.0,10.262539682539684,0.5132530401996885,1.0316628103298748,0.01818822259721444,1.2612762964720123,0.8631201017939771,82.85970897135427,5069.06503618298,7000322.150892265,-14.925455537879541,-0.0029444198153587807,-0.08328590161345606,-0.6466197366978014,0.21650036509617576,-0.00010305830045183115,0.0005721353536479267,0.0,0.0,1.0830317150193107,0.01634615227461115,0.12091187570779528,0.38990484755918764,1.2530249493531649
0.7766666666666667,12.426666666666668,0.6813083218555274,0.7595000000000001,3.3422222222222224,0.07000245000000001,2.0,10.242222222222223,0.5214627498752746,1.0286440848122589,0.018167422597214444,1.2542730641462854,0.8668404470603305,80.0386703197331,5069.06503618298,7000322.150892265,-14.41378051134275,-0.0028434791048166084,-0.08344024558466073,-0.6510657672897511,0.2157746797705794,-9.95252519304847e-05,0.0005526564541123547,0.0,0.0,1.0762323226935837,0.01578963176609832,0.12176882994888086,0.3963763330433656,1.2632167801036962
0.78,12.48,0.6759768391402334,0.7575000000000001,3.3219047619047624,0.07000245000000001,2.0,10.221904761904764,0.5296724595508606,1.025625359294643,0.01814662259721505,1.2472892716243287,0.8705607923266838,77.27521204245096,5069.06503618298,7000322.150892265,-13.911606426750103,-0.0027444126929619312,-0.08358925603260149,-0.655519887332878,0.2150409049938058,-9.605780615921648e-05,0.0005335751394614583,0.0,0.0,1.0694523701716212,0.015244470428148107,0.12259640600739409,0.4028927393355329,1.2734535316622166
0.7833333333333334,12.533333333333335,0.6706453564249393,0.7555000000000001,3.301587301587302,0.07000245000000001,2.0,10.201587301587303,0.537882169226447,1.022606633777027,0.018125822597214444,1.2403249189060177,0.8742811375930373,74.56897202364513,5069.06503618298,7000322.150892265,-13.418922412634917,-0.002647218435125741,-0.08373303286268383,-0.6599818150367524,0.21429932255628492,-9.265588807198397e-05,0.000514888909333002,0.0,0.0,1.0626918574533162,0.014710596824339775,0.12339520780079379,0.40945251570375135,1.2837336532967887
0.7866666666666667,12.586666666666668,0.6653138737096453,0.7535000000000001,3.2812698412698413,0.07000245000000001,2.0,10.181269841269842,0.5460918789020331,1.019587908259411,0.018105022597214443,1.2333800059914763,0.8780014828593905,71.91958918424272,3349.6743943045963,5468473.354133019,-12.935717597530557,-0.003861783586943547,-0.08390660624993901,-0.6644522054130889,0.2135492774463016,-0.00013516715622791816,0.0007514980343239722,0.0,0.0,1.0559507845387748,0.021470620937523534,0.12436004027444346,0.41605932231909093,1.2940608051784814
0.79,12.64,0.6599823909943514,0.7515000000000001,3.2609523809523813,0.07000245000000001,2.0,10.160952380952383,0.5543015885776192,1.016569182741795,0.01729924971970118,1.2259378679239359,0.8817218281257438,69.3267034819601,3349.6743943045963,5468473.354133019,-12.461981109970342,-0.003720355963898841,-0.08410879663796147,-0.6689326161567662,0.2127892119689776,-0.00013021701617251522,0.0007244046021924237,0.0,0.0,1.0564052206708643,0.020696549969106044,0.1254844981652869,0.42272184334415036,1.3044436714698942
0.7933333333333333,12.693333333333333,0.6544407453991454,0.7482578902075698,3.240779625430894,0.07000245000000001,2.0,10.140779625430895,0.55486244365025,1.0143751663220788,0.017265216762341197,1.2179749978265322,0.8854421733920972,66.79014727314973,3349.6743943045963,5468473.354133019,-11.997496938908947,-0.003581690494845744,-0.08430351787686133,-0.6734236112104948,0.21201856218160242,-0.00012536355489045723,0.0006978997649638638,0.0,0.0,1.0487758735555883,0.019939295409342493,0.12656812070871218,0.4294432465141236,1.3148854199062208
0.7966666666666667,12.746666666666668,0.6488888497858537,0.7449552005075849,3.2206139274201155,0.07000245000000001,2.0,10.120613927420116,0.5550502504564798,1.0122213724343923,0.10069810248946079,1.2100097927231916,0.8891625186584506,64.30972922685197,3349.6743943045963,5468473.354133019,-11.542045615088178,-0.0034457216602046315,-0.08449091553432934,-0.67792479610146,0.2112377225569907,-0.00012060447911619587,0.0006719815233938343,0.0,0.0,0.2231683883264759,0.01919880013896183,0.127611803256667,0.4362213778198672,1.3253838964783178
0.8,12.8,0.6433369541725622,0.7416525108076001,3.200448229409338,0.0433818,2.0,10.100448229409338,0.5552380572627097,1.0100675785467055,0.02264343689925266,1.2020674915582608,0.8928828639248039,61.8632296942045,1833.1795390715079,4820340.584573673,-11.11742203869856,-0.0060645571269737466,-0.0847445229686541,-0.6824377411282061,0.21044512279659777,-0.00013154570218547483,0.0007319900208212379,0.0,0.0,0.9801618099455847,0.03374641074465504,0.12902367554689675,0.44306499058796217,1.335947854512766
0.8033333333333333,12.853333333333333,0.6377850585592707,0.7383498211076153,3.18028253139856,0.0433818,2.0,10.08028253139856,0.5554258640689395,1.007913784659019,0.015207894839249617,1.1941480943317384,0.8966032091911572,59.44881896684428,1833.1795390715079,4820340.584573673,-10.72503171793586,-0.005850508086822751,-0.085062258041022,-0.6869659219551307,0.20963728723602648,-0.00012690278586046362,0.0007034217652140302,0.0,0.0,1.0451107249070921,0.03242934895343348,0.1307883624721791,0.4499933116018041,1.3465965207929613
0.8066666666666668,12.906666666666668,0.632233162945979,0.7350471314076303,3.1601168333877814,0.0433818,2.0,10.06011683338778,0.5556136708751693,1.0057599907713322,0.015171365769489513,1.1860875908736517,0.9003235544575107,57.08841550708005,1833.1795390715079,4820340.584573673,-10.342533211867476,-0.00564185503461701,-0.08536872105759374,-0.6915107480644272,0.20881280639308342,-0.0001223769133703741,0.0006754925447999011,0.0,0.0,1.0374082063326544,0.031141748143226015,0.13248359172809004,0.4570138970471448,1.3573374515046555
0.81,12.96,0.6266089010281269,0.731325,3.14,0.0433818,2.0,10.040000000000001,0.5530436303590474,1.0039032012122238,0.015127440686169835,1.1774920722027995,0.904043899723864,54.78354588548229,1470.7826339308867,3997626.939250659,-9.967973819238187,-0.006777326295046934,-0.08569989922638478,-0.6960725779386666,0.2079713217851974,-0.00014700630693323353,0.0008079402000222741,0.0,0.0,1.029243153478335,0.03724788736393023,0.1343073153416142,0.46412832123567016,1.3681722209595342
0.8133333333333334,13.013333333333334,0.6208116141280982,0.7266,3.12,0.0433818,2.0,10.02,0.5438796855846619,1.0027565372975127,0.014660182386647225,1.1685228191250698,0.9077642449902172,52.533786966812826,1470.7826339308867,3997626.939250659,-9.601332514695978,-0.006528043160963207,-0.08605470907854505,-0.700652700826798,0.20711154416341926,-0.00014159913140013682,0.0007747610649120477,0.0,0.0,1.024853031735927,0.035718253503176346,0.13625307909807036,0.471343265087395,1.3791075100776122
0.8166666666666668,13.066666666666668,0.615014327228069,0.7218749999999999,3.0999999999999996,0.0433818,2.0,10.0,0.5347157408102763,1.0016098733828014,0.014611042386646737,1.1595710112577016,0.9114845902565707,50.338803946415666,1470.7826339308867,3997626.939250659,-9.242475708983452,-0.006284052786428102,-0.0863963649704755,-0.705251396134772,0.20623319412179875,-0.00013630676058513333,0.0007423897572158963,0.0,0.0,1.0163827958685636,0.034225862330096786,0.13811825552029103,0.47865983401055145,1.3901444242671221
0.8200000000000001,13.120000000000001,0.6092170403280402,0.71715,3.08,0.0433818,2.0,9.98,0.5255517960358909,1.0004632094680903,0.014561902386646737,1.1506366486008115,0.915204935522924,48.198253881421365,1470.7826339308867,3997626.939250659,-8.891268450011694,-0.006045263416150385,-0.08672514673587758,-0.7098679697802747,0.20533696574264937,-0.0001311272042333764,0.0007108212192595482,0.0,0.0,1.0079300052116735,0.03277048067436336,0.1399048246670766,0.48607378281554786,1.4012787183384718
0.8233333333333334,13.173333333333334,0.6034197534280114,0.7124250000000001,3.06,0.0433818,2.0,9.96,0.5163878512615054,0.999316545553379,0.014512762386647221,1.141719731154398,0.9189252807892774,46.11168549112254,1470.7826339308867,3997626.939250659,-8.54768505394069,-0.005811657587427261,-0.08704133129597298,-0.7145017425277906,0.20442353826148674,-0.00012606008356312598,0.0006800487956171981,0.0,0.0,0.9994946597652553,0.03135180170565528,0.14161475219721043,0.49358097153192876,1.4125062523212062
0.8266666666666668,13.226666666666668,0.5976224665279823,0.7076999999999999,3.0399999999999996,0.0433818,2.0,9.94,0.5072239064871198,0.9981698816386678,0.014463622386646738,1.1325998024960813,0.9226456260556308,44.07864842522304,1470.7826339308867,3997626.939250659,-8.211699836930428,-0.005583217837555936,-0.08734519464063921,-0.7191520498861004,0.20349357616953045,-0.00012110501979264204,0.0006500658445846175,0.0,0.0,0.9908563031069433,0.029969519226247764,0.14324998742206121,0.5011773645884429,1.4238229906440738
0.8300000000000001,13.280000000000001,0.5915848911658503,0.702975,3.02,0.0433818,2.0,9.92,0.501741587776761,0.996633630584801,0.01441448238664674,1.123248780611112,0.9263659713219841,42.09868738500018,1141.6305006783189,3259916.101789659,-7.883287115140931,-0.0069052877533115516,-0.08767822145639567,-0.7238193409820213,0.20254663033996279,-0.00014978190612830554,0.0007998721282032427,0.0,0.0,0.981986853221974,0.036875930837505254,0.1450325327570946,0.5088648984598869,1.435230869781871
0.8333333333333334,13.333333333333334,0.5855132484110503,0.69825,3.0,0.0433818,2.0,9.9,0.4967812392004761,0.9950421450101757,0.01399042408712364,1.1138905056540254,0.9300863165883374,40.171335495612766,1141.6305006783189,3259916.101789659,-7.562421204732188,-0.006624228417372213,-0.08803900855428057,-0.728505133782306,0.20158118280603143,-0.00014368547617837893,0.0007632525765421109,0.0,0.0,0.9767843496002137,0.03518768592092126,0.14695422920398596,0.5166512121121823,1.4467375287005197
0.8366666666666667,13.386666666666667,0.5794416056562502,0.6935250000000001,2.9800000000000004,0.0433818,2.0,9.88,0.4918208906241912,0.9934506594355504,0.013941284087124105,1.104556443372027,0.9338066618546907,38.296217504967274,1141.6305006783189,3259916.101789659,-7.2489784432152575,-0.006349671315638602,-0.08838497921382751,-0.7332097734561221,0.2005968883985686,-0.00013773008554038535,0.0007276254653190613,0.0,0.0,0.9679318593182107,0.033545194773801974,0.14878710602251188,0.5245376477182222,1.458344309572913
0.8400000000000001,13.440000000000001,0.57336996290145,0.6888,2.96,0.0433818,2.0,9.860000000000001,0.48686054204790613,0.991859173860925,0.013892144087123642,1.0952465937650064,0.9375270071210442,36.47295861322621,1141.6305006783189,3259916.101789659,-6.942835168101186,-0.00608150812717073,-0.08871647733230244,-0.737932478964019,0.19959452815702516,-0.00013191338463564757,0.0006929836733632857,0.0,0.0,0.9591035817111947,0.03194812909391891,0.15053359465898447,0.532519533069729,1.4700465401907732
0.8433333333333334,13.493333333333334,0.5672983201466499,0.6840750000000001,2.94,0.0433818,2.0,9.84,0.48190019347162116,0.9902676882862997,0.013843004087123644,1.0858317726143198,0.9412473523873974,34.701087333245994,1141.6305006783189,3259916.101789659,-6.643965695549995,-0.005819716354461773,-0.0890338433184793,-0.7426724875147065,0.19857486487269094,-0.00012623488547299487,0.0006593182424518945,0.0,0.0,0.9501703325605081,0.030396075886749488,0.1521961067918023,0.5405923251084166,1.481839677495814
0.8466666666666667,13.546666666666667,0.5610104216289484,0.6793500000000001,2.9200000000000004,0.0433818,2.0,9.82,0.479172248343554,0.9884399713134533,0.013793864087124103,1.0762592210855382,0.9449676976537508,32.98013002431303,1141.6305006783189,3259916.101789659,-6.352344341721674,-0.005564273500004881,-0.08933741638126508,-0.7474290544400329,0.19753864321371783,-0.00012069410006125586,0.0006266201734443177,0.0,0.0,0.941079353031722,0.02888862027137268,0.15377703202268553,0.5487516088101362,1.493719306463887
0.8500000000000001,13.600000000000001,0.5546305564193079,0.6746249999999999,2.9,0.0433818,2.0,9.8,0.4773936733383948,0.9865117926468466,0.013744724087123641,1.0666606846019344,0.9486880429201042,31.30960604032913,847.0451273530145,2607208.072190672,-6.067945422776213,-0.007163662509621327,-0.08967682800818845,-0.7522027676237518,0.1964852752963524,-0.00015538628712994523,0.0008017678299885189,0.0,0.0,0.9319623885481227,0.03696332701679132,0.15553308395036994,0.5569998785694179,1.505687921489522
0.8533333333333334,13.653333333333334,0.5482506912096676,0.6698999999999999,2.88,0.0433818,2.0,9.780000000000001,0.4756150983332357,0.9845836139802401,0.013363865787600543,1.0570914832026674,0.9524083881864576,29.689029836120746,847.0451273530145,2607208.072190672,-5.790743254873632,-0.006836404658827914,-0.09005016313268042,-0.7569954873875083,0.19541290079894924,-0.0001482877698141704,0.0007602685576915261,0.0,0.0,0.9261255984841821,0.03505011584081463,0.15745344242657275,0.5653461859394696,1.5177545741259273
0.8566666666666667,13.706666666666667,0.5418708260000273,0.6651750000000001,2.8600000000000003,0.0433818,2.0,9.760000000000002,0.4738365233280765,0.9826554353136335,0.013314725787600987,1.0475516168877363,0.9561287334528108,28.11800264489989,847.0451273530145,2607208.072190672,-5.520625465124979,-0.006517510445254239,-0.09040626753545594,-0.7618076588719919,0.19432107458081893,-0.00014137066731696515,0.0007200381229701296,0.0,0.0,0.9170673041692466,0.03319540097322516,0.15927332287494714,0.5737922330141767,1.5299209664669875
0.8600000000000001,13.760000000000002,0.5354909607903868,0.6604499999999999,2.84,0.0433818,2.0,9.74,0.47205794832291736,0.9807272566470269,0.013265585787600544,1.0378997926960796,0.9598490787191643,26.596127264416406,847.0451273530145,2607208.072190672,-5.257479680641303,-0.006206847204316891,-0.09074558373944451,-0.7666383749059893,0.19321070381317496,-0.00013463210202411724,0.0006810663543777208,0.0,0.0,0.9078970519775942,0.031398713487117674,0.16099583259388967,0.5823327438266792,1.5421818225458435
0.8633333333333334,13.813333333333334,0.5288404199832348,0.655725,2.82,0.0433818,2.0,9.72,0.4728089950626605,0.9785313951463672,0.013216445787600546,1.0280978788273953,0.9635694239855176,25.12291760009689,847.0451273530145,2607208.072190672,-5.001280217582622,-0.005904384614325617,-0.09106854992127497,-0.7714867518036085,0.1920826721819091,-0.0001280714162308755,0.0006433408041373845,0.0,0.0,0.8985767101089099,0.029659479511564044,0.1626240510738545,0.5909626073911523,1.5545320313766697
0.8666666666666667,13.866666666666667,0.5221123705464067,0.651,2.8000000000000003,0.0433818,2.0,9.700000000000001,0.47428440527236143,0.9762588820012814,0.013167305787600983,1.0182897875748438,0.9672897692518709,23.697880569433014,847.0451273530145,2607208.072190672,-4.752001392108926,-0.005610092353590131,-0.09137560264041938,-0.7763519292052536,0.1909378400466173,-0.00012168795223248816,0.000606848845527079,0.0,0.0,0.8892501908563542,0.027977116925857345,0.16416102697885238,0.5996768761392244,1.5669666453910953
0.8700000000000001,13.920000000000002,0.5153843211095783,0.6462749999999999,2.78,0.0433818,2.0,9.68,0.4757598154820624,0.9739863688561956,0.013118165787600545,1.008516270070934,0.9710101145182243,22.320518922794832,847.0451273530145,2607208.072190672,-4.509617520380208,-0.005323940100420151,-0.091667176839193,-0.7812330699913768,0.18977704452684752,-0.00011548105232420344,0.000571577745114252,0.0,0.0,0.8799582453524487,0.026351038689692543,0.16560977779526706,0.6084707642665345,1.5794808787847587
0.8733333333333334,13.973333333333334,0.5086562716727502,0.64155,2.76,0.0433818,2.0,9.66,0.47723522569176335,0.9717138557111098,0.013069025787600547,0.9987555685794787,0.9747304597845776,20.990336167788932,588.2247197493359,2039502.8504536992,-4.274102918556484,-0.00726610558015623,-0.09200291139067503,-0.7861309390108399,0.18859952077373776,-0.00015760836952861075,0.0007740226948910148,0.0,0.0,0.8706791158609933,0.03568421295985943,0.16726405117258844,0.6173473997056772,1.5920778594902547
0.8766666666666667,14.026666666666667,0.5018854753768711,0.636825,2.74,0.0433818,2.0,9.64,0.47911173381759375,0.9693988986602746,0.012731367488077447,0.9888296290795786,0.978450805050931,19.706837075748723,588.2247197493359,2039502.8504536992,-4.045431902797747,-0.006877357865071793,-0.0923800704158811,-0.7910478185256813,0.18740298652524967,-0.00014917608171548575,0.000726693418305361,0.0,0.0,0.8640622276964196,0.03350222527905071,0.16910902285895935,0.6263173483465184,1.6047681533974494
0.88,14.08,0.49476160698138133,0.6321000000000001,2.72,0.0433818,2.0,9.620000000000001,0.48430115162945003,0.9667333717839292,0.01268222748807787,0.9787631989399828,0.9821711503172843,18.469597752870044,588.2247197493359,2039502.8504536992,-3.8235033898150528,-0.00650007261076071,-0.09273680189523663,-0.7959842684539777,0.18618688186330656,-0.00014099242499274948,0.0006810699796303165,0.0,0.0,0.8544773695568196,0.031398880619537065,0.170839719016255,0.6353826481298573,1.6175537984471418
0.8833333333333334,14.133333333333335,0.4876377385858914,0.6273749999999999,2.6999999999999997,0.0433818,2.0,9.6,0.4894905694413064,0.9640678449075836,0.012633087488077448,0.9687373218138879,0.9858914955836376,17.278186152584745,588.2247197493359,2039502.8504536992,-3.608216296319453,-0.006134077972542612,-0.09307371257745806,-0.8009392155065831,0.18495228007705455,-0.00013305367189462455,0.0006371364470653454,0.0,0.0,0.8449330644307289,0.029373444488949074,0.17246031435248133,0.6445373156863572,1.630428811269995
0.8866666666666667,14.186666666666667,0.4805138701904017,0.62265,2.6799999999999997,0.0433818,2.0,9.58,0.4946799872531627,0.9614023180312381,0.012583947488077448,0.9587519977013921,0.989611840849991,16.132092163872485,588.2247197493359,2039502.8504536992,-3.3995449384709624,-0.005779330287104617,-0.09339140346438198,-0.8059116186010321,0.18370022224895888,-0.00012535887532455752,0.0005948740101681807,0.0,0.0,0.835429312318233,0.027425049682962933,0.1739749408637323,0.6537755891587894,1.6433874300087803
0.89,14.24,0.473390001794912,0.6179250000000001,2.66,0.0433818,2.0,9.56,0.499869405065019,0.9587367911548927,0.012534807488077865,0.9486377425704704,0.9933321861163443,15.030807838540198,588.2247197493359,2039502.8504536992,-3.1974636324295735,-0.0054357858911338,-0.093690473229135,-0.8109004686461925,0.18243171747015186,-0.00011790708818599413,0.0005542639382512276,0.0,0.0,0.8257966291873073,0.02555283267412729,0.1753876843932547,0.663091925832309,1.6564241119486534
0.8933333333333334,14.293333333333335,0.4659497467344992,0.6132,2.6399999999999997,0.0433818,2.0,9.54,0.5083035893234062,0.9557279053237951,0.012485667488077449,0.938324418359793,0.9970525313826978,13.973822871648022,588.2247197493359,2039502.8504536992,-3.00194669435528,-0.00510340112131724,-0.0939715182161337,-0.8159047884180665,0.18114774296463132,-0.00011069736338238011,0.0005152874137213991,0.0,0.0,0.815964876976634,0.023755925928449214,0.17670258462265676,0.6724809996727336,1.6695335310554313
0.8966666666666667,14.346666666666668,0.45837263007037027,0.608475,2.62,0.0433818,2.0,9.52,0.5181413850129689,0.9525704902959655,0.01243652748807745,0.9279852508658282,1.0007728766490511,12.96061821158692,366.2335218673916,1556800.4365787401,-2.812968440408095,-0.007680805476421229,-0.09431243039207339,-0.8209256937142853,0.17984718293476587,-0.00016660358350850522,0.0007676180818518938,0.0,0.0,0.8061072814826692,0.03538894568007293,0.178279781198884,0.6819471960946412,1.6827200727436922
0.9,14.4,0.45079551340624135,0.60375,2.6,0.0433818,2.0,9.5,0.5279791807025316,0.949413075268136,0.012142069188554754,0.9176941199141598,1.0044932219154044,11.990668809084733,366.2335218673916,1556800.4365787401,-2.6305031867480118,-0.007182584415908501,-0.09470878745586885,-0.8259662595235636,0.17852696239184074,-0.0001557967203070297,0.0007101709224890415,0.0,0.0,0.7987018418663232,0.03274050050892501,0.18009656643059058,0.6915038986980937,1.695997120613498
0.9033333333333334,14.453333333333335,0.4432183967421122,0.5990249999999999,2.5799999999999996,0.0433818,2.0,9.48,0.5378169763920945,0.9462556602403064,0.01209292918855435,0.9072809521307559,1.0082135671817578,11.063514316538487,366.2335218673916,1556800.4365787401,-2.4544611396860825,-0.006701901909937155,-0.09507904042455807,-0.8310272682670418,0.17718629891471604,-0.00014537028413825584,0.0006552583757624936,0.0,0.0,0.7887702460829232,0.030208906765624922,0.18177521729124527,0.7011538129306762,1.709367380112434
0.9066666666666667,14.506666666666668,0.4353524352613506,0.5943,2.5599999999999996,0.0433818,2.0,9.46,0.5510143707341437,0.942742734792632,0.012043789188554352,0.8966114546133577,1.011933912448111,10.178692413004251,366.2335218673916,1556800.4365787401,-2.2847525055333766,-0.00623851277699439,-0.09542411814954291,-0.8361073524956844,0.1758265599524267,-0.0001353189567945076,0.0006028530598058615,0.0,0.0,0.778582320565525,0.027792902083632377,0.18332193219389212,0.7108897369169465,1.7228236493650575
0.91,14.56,0.42725193926306376,0.5895750000000001,2.54,0.0433818,2.0,9.44,0.5669396722556437,0.9389411440825323,0.011994649188554751,0.8858606009425789,1.0156542577144645,9.335666577913972,366.2335218673916,1556800.4365787401,-2.1213516004498887,-0.005792346887399354,-0.09574494107392674,-0.8412051940749768,0.17444906363948764,-0.00012564121709989065,0.0005529231981342125,0.0,0.0,0.7683130388947423,0.025491021494461384,0.18474283682264128,0.7207047974240539,1.7363590551385184
0.9133333333333334,14.613333333333335,0.4191514432647766,0.58485,2.5199999999999996,0.0433818,2.0,9.42,0.5828649737771442,0.9351395533724325,0.011945509188554353,0.8751675842273566,1.019374602980818,8.533891285742609,366.2335218673916,1556800.4365787401,-1.9642327405956135,-0.005363334111471196,-0.09604242590056329,-0.8463195238609633,0.17305507911985463,-0.00011633554387851056,0.0005054364809263404,0.0,0.0,0.7581015941795239,0.023301775441606408,0.18604397807426978,0.7305924458213051,1.749967048802123
0.9166666666666667,14.666666666666668,0.4110509472664898,0.580125,2.5,0.0433818,2.0,9.4,0.5987902752986441,0.9313379626623327,0.011896369188554351,0.8642588775606685,1.0230949482471712,7.772820383786584,366.2335218673916,1556800.4365787401,-1.813370242130561,-0.004951404319529109,-0.09631748559205663,-0.8514491215007665,0.17164582674640472,-0.00010740041595447396,0.00046036056121515854,0.0,0.0,0.747674459512836,0.02122367265605201,0.187231323356874,0.7405464538594688,1.76364140210664
0.92,14.72,0.4025393578234983,0.5754,2.48,0.0433818,2.0,9.379999999999999,0.6202962552519755,0.9269458283970229,0.011847229188554353,0.8530075285481898,1.0268152935135244,7.051903509929023,366.2335218673916,1556800.4365787401,-1.6687384212147265,-0.004556487381892243,-0.0965710293707612,-0.8565928152331083,0.17022247828041615,-9.883431215188645e-05,0.0004176628427228053,0.0,0.0,0.7369046825003571,0.01925521037498699,0.1883107602377017,0.7505609094219907,1.7773762029355151
0.9233333333333333,14.773333333333333,0.3938285798456891,0.570675,2.46,0.0433818,2.0,9.36,0.644506260712024,0.9222675560114789,0.011798089188554746,0.8416937329632026,1.0305356387798779,6.370575413191813,366.2335218673916,1556800.4365787401,-1.5303115940081096,-0.004178513168879761,-0.09680396271878179,-0.8617494816888294,0.1687861570910485,-9.0635711294854e-05,0.00037730984734935533,0.0,0.0,0.7260724589153661,0.01739484518159022,0.18928809505254376,0.7606302122297305,1.7911658510096085
0.9266666666666667,14.826666666666668,0.3851178018678796,0.56595,2.4399999999999995,0.0433818,2.0,9.34,0.6687162661720734,0.9175892836259347,0.011748949188554353,0.8304140916323796,1.0342559840462313,5.728260040225667,366.2335218673916,1556800.4365787401,-1.398064076670706,-0.0038174115508108155,-0.09701718737797355,-0.8669180456914096,0.1673379383548217,-8.280309220748232e-05,0.000339267457203223,0.0,0.0,0.7152743895845469,0.015641004163184702,0.19016905103507112,0.7707490694587338,1.805005053504965
0.93,14.88,0.3763587585681248,0.561225,2.42,0.0433818,2.0,9.32,0.6937006644112158,0.9128290655288646,0.011699809188554355,0.8186584879288961,1.0379763293125845,5.12438058321954,366.2335218673916,1556800.4365787401,-1.2719701853625245,-0.0034731123980045945,-0.09721160134994196,-0.8720974800574873,0.16587884925509722,-7.533493371387786e-05,0.0003035015097083428,0.0,0.0,0.7040003578810634,0.013992112347036904,0.1909592674753437,0.7809124912856781,1.8188888205982625
0.9333333333333333,14.933333333333334,0.36692818529315635,0.5565,2.4000000000000004,0.0433818,2.0,9.3,0.729459422849107,0.9069287120424137,0.01165066918855474,0.806473238585768,1.0416966745789378,4.558348452812496,366.2335218673916,1556800.4365787401,-1.1520042362435607,-0.0031455455807802503,-0.09738809889604289,-0.8772868053973802,0.16440986918155753,-6.822971463814634e-05,0.00026997714450320527,0.0,0.0,0.6922966805379316,0.012446562590911639,0.19166429880702232,0.7911157863865411,1.8328124609654788
0.9366666666666668,14.986666666666668,0.35749761201818764,0.5517749999999999,2.38,0.0433818,2.0,9.28,0.7652181812869995,0.9010283585559625,0.011601529188554354,0.7943777565291607,1.0454170198452912,4.0295509100966065,366.2335218673916,1556800.4365787401,-1.038140545473811,-0.002834640969456937,-0.09754757053738254,-0.882485089915605,0.1629319299296862,-6.148591380439347e-05,0.00023865807092192547,0.0,0.0,0.680682770481328,0.01100268181227729,0.19228961199110736,0.8013545573411581,1.8467715771864492
0.9400000000000001,15.040000000000001,0.3480670387432192,0.5470499999999999,2.36,0.0433818,2.0,9.26,0.8009769397248907,0.8951280050695117,0.011552389188554356,0.7818125185272812,1.0491373651116447,3.5373661527412477,366.2335218673916,1556800.4365787401,-0.9303534292132828,-0.0025403284343538377,-0.0976909030548175,-0.887691449211397,0.1614459159002477,-5.510201003672566e-05,0.00020950746149959911,0.0,0.0,0.6685991044794485,0.009658772180942198,0.19284058409759322,0.8116246959035234,1.860762061015168
0.9433333333333334,15.093333333333334,0.3380033075135983,0.542325,2.34,0.0433818,2.0,9.24,0.848847682480512,0.8879459697289614,0.011503249188554738,0.7685880880158111,1.052857710377998,3.0811622453848426,366.2335218673916,1556800.4365787401,-0.8286172036219723,-0.0022625378457901075,-0.09781897948895467,-0.8929050460792308,0.1599526642987671,-4.907648215924864e-05,0.00018248788862265186,0.0,0.0,0.6558562459679746,0.008413108198491158,0.19332250090771144,0.8219223781703314,1.8747800885483294
0.9466666666666668,15.146666666666668,0.327712195557775,0.5375999999999999,2.3199999999999994,0.0433818,2.0,9.22,0.9010681009681956,0.8803036546926358,0.011454109188554357,0.7552772392260013,1.0565780556443514,2.6602771473736877,366.2335218673916,1556800.4365787401,-0.7329061848598765,-0.0020011990740849014,-0.09793267914015134,-0.8981250903093404,0.15845296533501096,-4.340780899606819e-05,0.00015756014163242468,0.0,0.0,0.6430269691781686,0.007263882164060721,0.19374055398404616,0.8322440596341119,1.8888221152784632
0.9500000000000001,15.200000000000001,0.31742108360195204,0.532875,2.3,0.0433818,2.0,9.200000000000001,0.9532885194558773,0.8726613396563105,0.011404969188554357,0.7413484520992408,1.0602984009107046,2.274028935099777,366.2335218673916,1556800.4365787401,-0.6431946890870015,-0.0017562419895574004,-0.09803287756851514,-0.9033508384882382,0.15694756242246644,-3.809446937129061e-05,0.00013468383226321911,0.0,0.0,0.6295797540514081,0.006209232086415,0.1940998370307255,0.8425864700611724,1.902884870971877
0.9533333333333334,15.253333333333334,0.3064157333470892,0.52815,2.28,0.0433818,2.0,9.180000000000001,1.0218288722458106,0.8632920603912855,0.011355829188554736,0.7264772155885325,1.064018746177058,1.9217169021119882,366.2335218673916,1556800.4365787401,-0.5594570324633442,-0.0015275964625267602,-0.09812044659390405,-0.908581593799236,0.15543715237782207,-3.31349421090217e-05,0.00011381745979854372,0.0,0.0,0.6151900895406961,0.005247244687797359,0.19440534307803783,0.852946608197406,1.916965354374464
0.9566666666666668,15.306666666666668,0.29507895356191927,0.5234249999999999,2.2599999999999993,0.0433818,2.0,9.16,1.0979421991645533,0.8531214142100029,0.011306689188554358,0.711416970183154,1.0677390914434115,1.602598731619978,366.2335218673916,1556800.4365787401,-0.48166753114890215,-0.0013151923633121375,-0.09819625429592642,-0.9138167058229649,0.15392238562044658,-2.852770603336724e-05,9.49170590678004e-05,0.0,0.0,0.6006114161353213,0.004375893073491667,0.19466196008500555,0.863321736281754,1.9310608277251655
0.9600000000000001,15.360000000000001,0.28374217377674976,0.5186999999999999,2.2399999999999998,0.0433818,2.0,9.139999999999999,1.1740555260832934,0.8429507680287207,0.011257549188554358,0.6951014981829312,1.0714594367097647,1.3159019346126717,366.2335218673916,1556800.4365787401,-0.4098005013036805,-0.0011189595622327112,-0.09826116501394094,-0.9190555703378946,0.1524038663718701,-2.4271239968433516e-05,7.793687789132827e-05,0.0,0.0,0.5847775161350985,0.0035930679635851107,0.19487446571266093,0.873709374303025,1.9451688110127896
0.9633333333333334,15.413333333333334,0.271223508886348,0.513975,2.2199999999999998,0.0433818,2.0,9.12,1.2823737634092867,0.8293722203674596,0.011208409188554359,0.677421747512417,1.075179781976118,1.0608155091325762,366.2335218673916,1556800.4365787401,-0.3438302590876765,-0.0009388279296076371,-0.09831603934705668,-0.9242976291208546,0.1508821528552634,-2.0364022738326294e-05,6.282888308453488e-05,0.0,0.0,0.5675793374645843,0.0028965549186310796,0.19504752232285336,0.8841072939839719,1.95928707596009
0.9666666666666667,15.466666666666667,0.2585906522321511,0.50925,2.2,0.0433818,2.0,9.1,1.393803585360543,0.8154644069602169,0.01115926918855473,0.658844955718233,1.0789001272424714,0.8364585997484719,366.2335218673916,1556800.4365787401,-0.2837311206608902,-0.0007747273357560795,-0.09836173415413305,-0.9295423697475529,0.14935775749491853,-1.6804533167151546e-05,4.954090425358078e-05,0.0,0.0,0.5494841176703966,0.0022839487643933993,0.19518566908773402,0.8945135124215875,1.973413639664059
0.9700000000000001,15.520000000000001,0.2452579101355621,0.5045249999999999,2.1799999999999997,0.0433818,2.0,9.08,1.527830966552154,0.7991653353688878,0.01111012918855436,0.6382254615083991,1.0826204725088249,0.6418900491679603,366.2335218673916,1556800.4365787401,-0.22947740218331986,-0.000626587650997198,-0.0983991025537798,-0.9347893253930973,0.14783114711572753,-1.3591250079015123e-05,3.801719950840194e-05,0.0,0.0,0.5293461954605664,0.0017526796725079153,0.19529331251271806,0.9049262852642664,1.9875467577730914
0.9733333333333334,15.573333333333334,0.23097846435836591,0.49979999999999997,2.1599999999999997,0.0433818,2.0,9.06,1.6924250536784984,0.7796317159686755,0.01106098918855436,0.6158023210226402,1.086340817775178,0.476090306937614,366.2335218673916,1556800.4365787401,-0.1810434198149691,-0.0004943387456501663,-0.09842899392435707,-0.9400380746325143,0.14630274314266378,-1.0722652298023191e-05,2.8197383969925894e-05,0.0,0.0,0.5074046269748075,0.0012999637622194513,0.1953747163376441,0.9153440993669426,2.0016849171421205
0.9766666666666667,15.626666666666667,0.21621334693995412,0.49507500000000004,2.14,0.0433818,2.0,9.040000000000001,1.8753941138824861,0.7581536695492915,0.011011849188554728,0.590272231849889,1.0900611630415313,0.337937253305544,366.2335218673916,1556800.4365787401,-0.13840348971583605,-0.0003779104900341432,-0.09845225390397531,-0.9452882412412698,0.14477292180026158,-8.197218648281597e-06,2.001499789082492e-05,0.0,0.0,0.4823561098020526,0.00092273708748023,0.19543398836030276,0.9257656648255544,2.0158268278670857
0.9800000000000001,15.680000000000001,0.1997750863020875,0.4903499999999999,2.1199999999999997,0.0433818,2.0,9.020000000000001,2.121665123394379,0.7299770543711703,0.01096270918855436,0.5608055703060358,1.0937815083078848,0.22617781932085296,366.2335218673916,1556800.4365787401,-0.10153192804591954,-0.0002772327544682896,-0.09846972439049538,-0.9505394939957891,0.1432420143120957,-6.013427953896222e-06,1.339582580013822e-05,0.0,0.0,0.4533710202582031,0.0006175781456803646,0.19547506343318705,0.9361899062067144,2.0299714145145993
0.9833333333333334,15.733333333333334,0.18241092535988684,0.4856249999999999,2.0999999999999996,0.0433818,2.0,9.0,2.4083137194042328,0.6975277107474707,0.010913569188554361,0.5265133444272194,1.0975018535742382,0.13937110880443887,366.2335218673916,1556800.4365787401,-0.07040305096522206,-0.00019223540927177632,-0.09848224354152844,-0.9557915464739764,0.1417103071002619,-4.169759038973172e-06,8.254527790224574e-06,0.0,0.0,0.41956036637938665,0.0003805525722872068,0.19550168025233286,0.9466159527049948,2.044117806279233
0.9866666666666667,15.786666666666667,0.16302229126768897,0.4809,2.08,0.0433818,2.0,8.98,2.783247565288343,0.6557360826739119,0.010864429188554722,0.4832723550176076,1.1012221988405915,0.07584256859836028,366.2335218673916,1556800.4365787401,-0.044991174633742276,-0.0001228483247637637,-0.09849064577443606,-0.9610441568557353,0.14017804198485617,-2.664690727618322e-06,4.4919251597232e-06,0.0,0.0,0.37680094896977134,0.00020708800279025766,0.19551735066766826,0.9570431268628613,2.0582653257034527
0.9900000000000001,15.840000000000002,0.14067271814090243,0.4761749999999999,2.0599999999999996,0.0433818,2.0,8.959999999999999,3.303567726731939,0.5985597746339012,0.010815289188554362,0.42701520755844186,1.104942544106945,0.03355033013492428,366.2335218673916,1556800.4365787401,-0.025270615211479608,-6.90013712634142e-05,-0.09849576176633011,-0.9662971277234892,0.13864541638345573,-1.4967018439375912e-06,1.9870842303374217e-06,0.0,0.0,0.3210253735106091,9.160911858601634e-05,0.1955253159242383,0.9674709313053124,2.072413475412257
0.9933333333333334,15.893333333333334,0.1145579533264976,0.4714499999999999,2.0399999999999996,0.0433818,2.0,8.94,4.019909826139039,0.5206405598741843,0.010766149188554362,0.34583631675808046,1.1086628893732982,0.009866793604299645,366.2335218673916,1556800.4365787401,-0.011215688858435382,-3.062441908989543e-05,-0.09849841845407287,-0.9715503058626999,0.1371125835105983,-6.642712120370127e-07,5.843802399633884e-07,0.0,0.0,0.2403280547102477,2.694126292423959e-05,0.19552847726774525,0.9778990324570985,2.0865619218303966
0.9966666666666667,15.946666666666667,0.0801672261205874,0.466725,2.0199999999999996,0.0433818,2.0,8.92,5.190959885977512,0.3946044613313272,0.010717009188554364,0.14825225853149704,1.1123832346396516,0.001152681826231035,366.2335218673916,1556800.4365787401,-0.0028007117346088455,-7.64733856236936e-06,-0.09849943903427692,-0.9768035820623892,0.13557965257726246,-1.6587765602249753e-07,6.826984623665312e-08,0.0,0.0,0.04322556848366425,3.14739573907275e-06,0.19552927963197628,0.9883272393077577,2.100710473947409
1.0,16.0,0.0,0.462,2.0,0.0433818,2.0,8.9,8.9,0.0,0.0,0.0,1.1161035799060048,0.0,366.2335218673916,1556800.4365787401,0.0,0.0,-0.09849964296330525,-0.982056890915658,0.13404668899034689,0.0,0.0,0.0,0.0,0.0,0.0,0.1955293635625293,0.9987554697929444,2.114859049698949
